id,domain,status,purchase_price,renewal_price,attractiveness,demand,length,registrar,created_at,expires_at,status_verified_at
9d84d338-6455-4be1-9a6f-3062b0b32e56,period.sh,available,39.99,47.99,high,low,6,namesilo,,,
1cb7498d-d876-4fe1-b37f-ea0f5b8f2021,carribean.sh,available,39.99,47.99,high,low,9,namesilo,,,
463910f0-d140-41d6-892b-b9f6d4c74317,acarpelous.sh,available,34.98,76.98,medium,low,10,namecheap,,,
233b89cb-0618-412b-a6ab-120c88dbd4f9,played.sh,available,39.99,47.99,high,low,6,namesilo,,,
7daa3874-fa63-4a40-b307-fe883d7b51a8,prohibited.sh,available,34.98,76.98,medium,low,10,namecheap,,,08/08/2026 13:48
3b814a94-5b48-4790-b315-16be1c55bc16,rebellion.sh,available,39.99,47.99,high,low,9,namesilo,,,
4764a51e-16fa-40af-ad5a-de0cf1390f19,mop.sh,available,59.99,,high,low,3,name.com,,,
a2e17c18-a6c1-46fb-938a-fc95383145b5,provoking.sh,available,34.98,76.98,high,low,9,namecheap,,,
7c3ddcb2-fec2-49e6-9ea6-9edb55a40d55,loving.sh,available,39.99,47.99,high,low,6,namesilo,,,
220cbe82-536b-4717-ae26-acec1f87521c,buttony.sh,available,34.98,76.98,medium,low,7,namecheap,,,09/08/2026 03:34
b4df8179-e00f-47f0-b755-8c8f99557a83,avaricious.sh,available,34.98,76.98,medium,low,10,namecheap,,,07/08/2026 21:48
df7c2428-30bb-4fff-a2db-bd19c889e0c5,azoic.sh,available,34.98,76.98,medium,low,5,namecheap,,,08/08/2026 02:22
4580cd6f-518b-4033-8a28-b09c43057f67,olive.sh,available,,,high,low,5,,,,
edb16172-e8c5-4625-aab9-f3323eefeaaf,genuinely.sh,available,39.99,47.99,high,low,9,namesilo,,,
b6a9eee2-a27c-4909-a0fb-2e1428348fa8,animistic.sh,available,34.98,76.98,medium,low,9,namecheap,,,
4633fc57-bf95-4144-96f5-4d3774817843,whiten.sh,available,39.99,47.99,high,low,6,namesilo,,,
8be5eb77-4509-4f6b-a121-948517707935,pretoria.sh,available,39.99,47.99,high,low,8,namesilo,,,
8a12e2ba-4172-42c4-9d14-75f18bd91c71,unemployment.sh,available,39.99,47.99,high,low,12,namesilo,,,
04eab9ad-401b-4693-8abc-1cfe40996c87,mediocre.sh,available,39.99,47.99,high,low,8,namesilo,,,
bc81fc55-ea47-4cdd-83fd-0fcaef35b439,complaint.sh,available,39.99,47.99,high,low,9,namesilo,,,
240cde5d-cfda-480a-84d1-971ff152c27d,admiration.sh,available,39.99,47.99,high,low,10,namesilo,,,
2309cb76-89b7-4226-a989-5e0cba8482b7,precise.sh,available,59.99,,high,low,7,name.com,,,
71405aeb-ed32-47c5-8717-1a26122b62db,concussion.sh,available,39.99,47.99,high,low,10,namesilo,,,
c222c355-6a63-4122-b205-eaa7c41e32ab,cleaner.sh,available,39.99,47.99,high,low,7,namesilo,,,
247be25c-1c4b-4944-bc02-718dcc6d989d,perspective.sh,available,39.99,47.99,high,low,11,namesilo,,,
b8f0d2e8-ce06-432e-b14b-8322c8533a3c,maidens.sh,available,39.99,47.99,high,low,7,namesilo,,,
27c1efa3-d6bc-4bef-9982-1b872045a7d8,acervate.sh,available,34.98,76.98,medium,low,8,namecheap,,,
4ef19c02-d0cc-45d6-8d6c-2a8186f8207d,inviting.sh,available,39.99,47.99,high,low,8,namesilo,,,
7258561c-b11d-4854-99c3-c7fde8bf5064,disciple.sh,available,34.98,76.98,high,low,8,namecheap,,,
aaa85bf1-ca75-4958-a8d4-e38146db02b0,anionic.sh,available,34.98,76.98,medium,low,7,namecheap,,,
a74b22c0-9652-4d1e-8e33-0efab8d599e4,groundless.sh,available,34.98,76.98,medium,low,10,namecheap,,,08/08/2026 21:49
820a09fb-6aa7-48a0-a863-8cad5e01f21f,which.sh,available,,,high,low,5,,,,
295cdec5-49e7-40ce-af8c-5ab182f3aed0,actress.sh,available,39.99,47.99,high,low,7,namesilo,,,
5d7d0f64-4d5b-4c5b-85aa-c61f1b3e4b16,wonky.sh,available,34.98,76.98,medium,low,5,namecheap,,,07/08/2026 03:46
610722ca-76f6-4a23-bf7b-6d41b6bdf5d3,sumbuddy.sh,available,39.99,47.99,low,low,8,namesilo,,,
be7c3319-5fb0-4a62-900b-bae3d9f402f1,booklist.sh,available,39.99,47.99,high,low,8,namesilo,,,
767d5a3b-c2d7-4298-8e49-83c6f950d27b,ascension.sh,resell,,,high,low,9,"GoDaddy.com, LLC",19/10/2022 15:21,19/10/2025 15:21,
da968afb-7b1f-444f-aee7-8eceddc812d3,atonic.sh,available,34.98,76.98,low,low,6,namecheap,,,07/08/2026 13:54
caf36a61-a937-49e8-8f91-3e1f799ceef9,timer.sh,available,59.99,,high,low,5,name.com,,,
0e03d977-1359-48ba-9d2b-210dc91d6ecf,lowered.sh,available,39.99,47.99,high,low,7,namesilo,,,
061b87cb-6a5c-4ad7-8996-780084c14159,wound.sh,available,39.99,47.99,high,low,5,namesilo,,,
66b6a740-d169-45da-88a0-6661320d0d0b,prat.sh,available,34.98,76.98,medium,low,4,namecheap,,,09/08/2026 11:18
5f1db01a-6e51-4087-ac4a-0da59153a5a8,buzzed.sh,available,39.99,47.99,high,low,6,namesilo,,,
03433c23-9ad8-4604-853e-0b5f39a11f6f,amnionic.sh,available,34.98,76.98,medium,low,8,namecheap,,,
1bb7a317-9aec-4932-8135-c08bd32edc93,irons.sh,available,39.99,47.99,high,low,5,namesilo,,,
c5991447-ed73-49d7-9990-f501e818bb59,pies.sh,available,39.99,47.99,medium,low,4,namesilo,,,
fdb7e1f8-e01f-4067-9331-f07f5c1ce2a9,whereas.sh,available,59.99,,high,low,7,name.com,,,
6cd0de79-182f-41c3-b542-83817b531890,apostate.sh,available,34.98,76.98,medium,low,8,namecheap,,,06/08/2026 03:35
ccb9c181-c380-44d0-b9f5-851fbd002e9e,velocity.sh,resell,,,high,low,8,"NameCheap, Inc.",06/11/2017 16:35,06/11/2026 16:35,
76533d31-0b28-420c-b480-e530941ff9ba,accountability.sh,available,39.99,47.99,high,low,14,namesilo,,,
765ba7c6-7727-4b2d-baaf-d09ccba39abb,soap.sh,available,,,high,low,4,,,,
b23c1b29-05f9-4631-8e23-13136b4f76e8,omega.sh,available,,,high,low,5,,,,
ad828e85-3427-4ec9-a6bd-36d01d402e3b,ambrosial.sh,available,34.98,76.98,medium,low,9,namecheap,,,
d761760b-a247-49f1-b6b4-84f03ebbb1ee,weakest.sh,available,39.99,47.99,medium,low,7,namesilo,,,
da84041b-7c6a-4723-ba3d-852c5c5c9adf,lapse.sh,available,59.99,,high,low,5,name.com,,,
2d5081a0-5f0f-415c-a45c-d82d5e6a9a88,sweat.sh,available,39.99,47.99,high,low,5,namesilo,,,
9649d21e-7bf5-496c-916b-1b8a08d98af7,analytical.sh,available,34.98,76.98,high,low,10,namecheap,,,
8457f69f-41f7-43dd-ac49-08caabc344d6,beefy.sh,available,34.98,76.98,medium,low,5,namecheap,,,09/08/2026 07:49
a15c721d-d07d-4115-b937-7547b39eb855,apologise.sh,available,39.99,47.99,high,low,9,namesilo,,,
c09a232c-6a9d-48a6-b16b-a9e206c88d44,indiana.sh,available,39.99,47.99,high,low,7,namesilo,,,
84f63c67-b23d-4ece-b071-40e25f7020b9,identifier.sh,available,39.99,47.99,high,low,10,namesilo,,,
5c759390-7b83-41b5-91ff-55f201e4332a,acknowledge.sh,available,59.99,,high,low,11,name.com,,,
bb2270dd-2296-4cb7-8397-9ba7bb60ce5f,involved.sh,available,39.99,47.99,high,low,8,namesilo,,,
f6328643-9e84-46dc-b0b6-3ab05ab7cfc5,pregnant.sh,available,39.99,47.99,high,low,8,namesilo,,,
ce640648-6646-4f0e-8010-12456f83b0a4,agronomic.sh,available,34.98,76.98,medium,low,9,namecheap,,,
559e9bfa-97e8-46d5-b528-6e667ec193e3,similarly.sh,available,59.99,,medium,low,9,name.com,,,
8e4d4cbd-d65d-4b44-9d88-1ff508e0253c,making.sh,resell,,,high,low,6,"NameCheap, Inc.",25/01/2022 22:22,25/01/2027 22:22,
d47fb4b8-ec33-4f89-a572-ab6689dde699,quintet.sh,available,34.98,76.98,high,low,7,namecheap,,,
e1d6490d-220d-41ed-a4ff-5a95b5c79af5,vegetarian.sh,available,39.99,47.99,high,low,10,namesilo,,,
6e2a05dd-c7c5-4661-8707-322f3c4b87fc,detecting.sh,available,39.99,47.99,high,low,9,namesilo,,,
696c076a-d2f0-40e9-9c6f-8fd5654f3bd3,terminating.sh,available,34.98,76.98,medium,low,11,namecheap,,,08/09/2026 14:51
10577e17-77fa-4788-8f18-add7a650ea83,except.sh,available,39.99,47.99,high,low,6,namesilo,,,
4d7d87ef-f9b0-4b7a-b4f3-f8c77bfd75a2,ablated.sh,available,34.98,76.98,medium,low,7,namecheap,,,
6c98b42b-1268-4338-a589-1b09e626799f,twelfth.sh,available,34.98,76.98,high,low,7,namecheap,,,
2fb51720-1dc6-4101-8d18-89cd7d75048f,anamorphic.sh,available,34.98,76.98,medium,low,10,namecheap,,,
f79ae86e-b976-4524-93c9-ece313b85303,aspirer.sh,available,34.98,76.98,medium,low,7,namecheap,,,07/08/2026 05:12
12983fe1-639b-4fa1-af32-207ace8864b5,afferent.sh,available,34.98,76.98,high,low,8,namecheap,,,
502ada43-d3a5-4c14-9427-d709237161ee,glove.sh,available,59.99,,high,low,5,name.com,,,
168a6642-68a6-42ad-a793-0eb051e2a3a1,recipient.sh,available,39.99,47.99,high,low,9,namesilo,,,
31c8455b-fcb3-40f3-b88a-68eec37c7a09,shoplift.sh,available,39.99,47.99,medium,low,8,namesilo,,,
123feb92-b26c-4b99-82ea-a099120be45d,apnoeic.sh,available,34.98,76.98,medium,low,7,namecheap,,,06/08/2026 00:46
dc2ddb79-bcd5-42bb-a21a-0a2b60796a1d,patriotic.sh,available,39.99,47.99,high,low,9,namesilo,,,
1ef781bd-fa49-4bcb-aa7d-b56551cf813a,grocery.sh,available,34.98,76.98,high,low,7,namecheap,,,08/09/2026 13:48
8eefaf68-e4d2-4b61-9748-ebb66bb13a36,afrikaner.sh,available,34.98,76.98,medium,low,9,namecheap,,,
1f977f8e-2bce-4d4d-a845-b08c6d8ee4a0,beheaded.sh,available,34.98,76.98,medium,low,8,namecheap,,,09/08/2026 10:21
e11fccd2-e2b5-45ea-8346-6460e9acac40,voiceless.sh,available,34.98,76.98,medium,low,9,namecheap,,,05/08/2026 23:23
8a6522ee-362f-4ef8-9630-f4a408a5995a,province.sh,available,39.99,47.99,high,low,8,namesilo,,,
e48ecc49-7e9c-4c91-b511-9c9874f488ff,interesting.sh,available,39.99,47.99,high,low,11,namesilo,,,
29ad9ccd-ba3a-4b29-bae9-6b084bd7933c,captive.sh,available,34.98,76.98,high,low,7,namecheap,,,
8c225898-98ff-4e0e-90d7-01ec2cdaab03,oversee.sh,available,39.99,47.99,high,low,7,namesilo,,,
12e7d121-38ce-40b2-84f0-51f502a677cf,anthropoid.sh,available,34.98,76.98,medium,low,10,namecheap,,,
9939aa5b-fec9-4be0-90b2-3a0ce8dccdf3,explorer.sh,available,59.99,,high,low,8,name.com,,,
0f9e887c-26ba-4100-9d0d-1981faa15cee,acyclic.sh,available,,,medium,low,7,,,,
d2e53e39-f7b7-443f-9a66-c31e35b39f9a,foot.sh,available,59.99,,high,low,4,name.com,,,
f9f110ea-cf43-4c4e-a4fc-1921ee2f5037,antiracist.sh,available,39.99,47.99,high,low,11,namesilo,,,
189f63af-1eff-4d6a-ba6e-e9a786d6aba2,irrelevant.sh,available,39.99,47.99,high,low,10,namesilo,,,
e48d420f-16a2-4f18-ae38-6ad868851578,anarchic.sh,available,34.98,76.98,medium,low,8,namecheap,,,
9f13b32f-e3a5-4c3c-ba1d-64fa4e32a699,seventy.sh,available,34.98,76.98,high,low,7,namecheap,,,
8d033bc2-efa9-4219-87ee-1c65f48c9124,enraged.sh,available,34.98,76.98,medium,low,7,namecheap,,,
0b4edd41-43e0-4035-b184-a7cf67b25054,aneroid.sh,available,34.98,76.98,medium,low,7,namecheap,,,
d5e73354-683b-4b7d-aaa0-080435a131d3,consulting.sh,available,,,high,low,10,,,,
4874aea9-41fc-44e2-b7c5-318cd5050e04,include.sh,available,39.99,47.99,high,low,7,namesilo,,,
1bff742e-fb01-4879-87cf-0deaeb8141e6,worshipful.sh,available,34.98,76.98,high,low,10,namecheap,,,
36779af3-23c4-4e1f-9c8d-be80173850f9,spidery.sh,available,34.98,76.98,medium,low,7,namecheap,,,06/08/2026 11:46
cba2a57c-41f8-4732-8947-c3c43d3f7ccf,layer.sh,resell,,,high,low,5,"NameCheap, Inc.",02/02/2026 15:15,02/02/2027 15:15,
cf0dcac7-5109-45e4-95d6-3a3329fd7b30,friendship.sh,available,39.99,47.99,high,low,10,namesilo,,,
ad1d5b7d-0af4-41f4-abfd-0fa7ba5199dc,needing.sh,available,39.99,47.99,high,low,7,namesilo,,,
cce41f49-6e8a-4721-8876-ed1576bdc509,shrimp.sh,available,,,high,low,6,,,,
48261f5c-238b-4d3b-b4ac-98e69fa7509c,pimply.sh,available,34.98,76.98,medium,low,6,namecheap,,,
fa2f12e4-0fea-4372-a711-d9b465dd0dc9,inhibit.sh,available,39.99,47.99,high,low,7,namesilo,,,
1f521acc-6319-4cd1-81c9-7579ba5ac4c4,alated.sh,available,34.98,76.98,medium,low,6,namecheap,,,
e348b4c6-8f42-49b5-8716-b4bec34722ca,voter.sh,available,39.99,47.99,high,low,5,namesilo,,,
53980349-661e-4d1e-bf63-b8b5487acb02,comely.sh,available,34.98,76.98,medium,low,6,namecheap,,,09/08/2026 06:13
1f23f747-c275-4d5f-bc49-d8ad6e3de641,frequently.sh,available,59.99,,high,low,10,name.com,,,
3be19e9c-12d4-4575-a6bc-7eb51c9916d4,abject.sh,available,34.98,76.98,high,low,6,namecheap,,,
629032d4-8e1d-42d9-ada8-b6997d084edc,eonian.sh,available,34.98,76.98,medium,low,6,namecheap,,,
7e8ed0a8-660b-413b-b1ea-4ea1b3e462ff,singapore.sh,available,,,high,low,9,,,,
36b6a2b2-de88-4400-bd90-1793059d7a77,abstemious.sh,available,34.98,76.98,medium,low,10,namecheap,,,
09f75716-878b-4b75-871a-6442baa6daf3,sickly.sh,available,34.98,76.98,high,low,6,namecheap,,,
dd4e4247-bab0-4b9d-bc9d-0edb5aa73d68,refresh.sh,resell,,,high,low,7,"NameCheap, Inc.",29/09/2022 00:28,29/09/2027 00:28,
fed5c57c-6fcd-4431-9f3b-e8a7543f7bcf,pleased.sh,available,39.99,47.99,high,low,7,namesilo,,,
eeeee482-3ae5-4bd0-b631-be28dfbbd7e6,fairs.sh,available,39.99,47.99,high,low,5,namesilo,,,
dabbdd13-92d6-4b35-af7b-9db910d82f4d,aggravated.sh,available,34.98,76.98,high,low,10,namecheap,,,
b8571c4b-ecde-49d2-8e12-ad6e86abbcdc,pyrenees.sh,available,39.99,47.99,high,low,8,namesilo,,,
dc6444c2-bd16-4dcf-9ef4-6c1f1e4fff27,inevitable.sh,available,39.99,47.99,high,low,10,namesilo,,,
f1f9aa1e-1811-4418-917b-869873169abd,becoming.sh,available,34.98,76.98,high,low,8,namecheap,,,09/08/2026 06:08
584b90de-5f99-43df-b6f7-8bcaf90d0a13,aery.sh,available,34.98,76.98,high,low,4,namecheap,,,
e9a16e72-216a-4e70-ab9c-7a6dda7c6577,pope.sh,available,59.99,,high,low,4,name.com,,,
b291a53e-d8ed-4068-b2bc-7201e5a79981,adient.sh,available,34.98,76.98,medium,low,6,namecheap,,,
39b258f7-5a90-4e7d-8b37-3cd17b3e99f2,complicated.sh,available,39.99,47.99,high,low,11,namesilo,,,
a387f284-9f21-4958-918b-2211a0f47a5e,evident.sh,available,34.98,76.98,high,low,7,namecheap,,,06/08/2026 05:13
453667ee-b28d-4985-806b-9000f52bdcdf,sweets.sh,available,39.99,47.99,high,low,6,namesilo,,,
6229a20a-a170-4532-aa76-a9e5db29617a,stemless.sh,available,34.98,76.98,medium,low,8,namecheap,,,
f855bf42-bec8-4523-a609-b912ba4183c9,sunbelt.sh,available,59.99,,high,low,7,name.com,,,
d67c164d-e096-4efb-a2d6-c6e3a9b9c350,pound.sh,available,59.99,,high,low,5,name.com,,,
1af8d8ea-7d6d-4f7a-94c5-28f7dc549879,attained.sh,available,34.98,76.98,high,low,8,namecheap,,,07/08/2026 15:07
09fe9971-1325-4f01-b57a-3c3e0e32bb5e,endurable.sh,available,34.98,76.98,medium,low,9,namecheap,,,09/08/2026 04:33
8ca5f915-6adc-4360-8f4f-78d3f7a1776d,asat.sh,available,34.98,76.98,high,low,4,namecheap,,,05/08/2026 19:31
95e5ba3d-19b5-47ff-b618-0a01614aea9b,themself.sh,available,39.99,47.99,medium,low,8,namesilo,,,
620dddcf-52db-4d49-92b6-b42cf92dd5c2,nude.sh,available,,,high,low,4,,,,
7f331519-3610-4383-ba4a-4c738cc79f47,organ.sh,available,39.99,47.99,high,low,5,namesilo,,,
46ef1613-0cc3-4852-950a-47294f03204b,policies.sh,available,59.99,,medium,low,8,name.com,,,
6a6afdaf-1322-47f6-8ef5-95a5bfa0f432,analgesic.sh,available,34.98,76.98,medium,low,9,namecheap,,,
485b9687-676b-4802-a2c6-a1769dedcd92,smoking.sh,available,39.99,47.99,high,low,7,namesilo,,,
c01645d7-341e-4e20-be48-9d2cedb14ce1,traveller.sh,available,39.99,47.99,high,low,9,namesilo,,,
f3a2366b-fdcc-446a-a99b-3384134d7378,bankable.sh,available,34.98,76.98,high,low,8,namecheap,,,08/08/2026 13:24
36c2afce-38b5-4346-819f-36f32da216f7,dissonant.sh,available,34.98,76.98,medium,low,9,namecheap,,,07/08/2026 12:26
05023314-d462-4be5-a4d6-8a4676cbfc18,coherently.sh,available,39.99,47.99,high,low,10,namesilo,,,
2494856e-081d-4f4c-9877-3c83c75a811c,ike.sh,available,39.99,47.99,high,low,3,namesilo,,,
15c6c6fd-404a-456c-99a7-11b16530efe5,basement.sh,available,,,high,low,8,,,,
e3c45c14-bf43-43c6-bc7c-72db393f31db,antecedent.sh,available,34.98,76.98,high,low,10,namecheap,,,
18f7b1cf-298d-4eb6-b92d-97f84c0c3458,cloth.sh,available,39.99,47.99,high,low,5,namesilo,,,
0a227afe-149b-446e-9603-c6f6d55147e9,achiever.sh,available,39.99,47.99,high,low,8,namesilo,,,
398dd77d-40f2-4e33-a8dd-2150c6e1aa92,actinon.sh,available,34.98,76.98,medium,low,7,namecheap,,,
2318ec38-d86d-4029-8d5e-89e31cdd9077,shove.sh,available,39.99,47.99,high,low,5,namesilo,,,
eea6a4c0-1289-487d-9740-d87693219d07,sat.sh,resell,,,high,low,3,Dynadot Inc,11/06/2025 12:37,11/06/2026 12:37,
e4b38918-ef2c-4665-b54f-6b009ca00630,bully.sh,available,34.98,76.98,high,low,5,namecheap,,,08/08/2026 12:15
5c5f81e9-bd3c-4e36-a4f1-e4cd9ace9a4a,spiritual.sh,available,34.98,76.98,high,low,9,namecheap,,,06/08/2026 05:42
34a244f4-87c5-4b41-8650-64971638e2a3,remover.sh,available,39.99,47.99,high,low,7,namesilo,,,
4c1935fd-7d4c-4c98-a5bc-090366f32d22,manila.sh,available,39.99,47.99,high,low,6,namesilo,,,
467bb367-1852-4b42-83e5-c42c208b44d0,macedonia.sh,available,,,high,low,9,,,,
b07076b1-09e8-4405-bc8d-144374243a4c,timely.sh,available,,,high,low,6,,,,
3ebbef46-b2fe-45e9-bd10-1648c8d5666b,cat.sh,available,,,high,low,3,,,,
93cb0b06-0b5c-4196-8d68-5ab99c1c37ec,noncitizen.sh,available,34.98,76.98,medium,low,10,namecheap,,,
c9debd44-186e-4be1-a160-70ae9c14780f,descend.sh,available,39.99,47.99,high,low,7,namesilo,,,
c8c0bc3d-a863-4e21-bea3-afdc8806fc93,xxiv.sh,available,34.98,76.98,high,low,4,namecheap,,,
7702bbb4-2618-47ba-9be3-2f592a556490,outcome.sh,available,39.99,47.99,high,low,7,namesilo,,,
d09d4656-32c9-4f28-87c4-c9e0694aa9dd,subjective.sh,available,,,high,low,10,,,,
3d8f7b78-905d-4905-b238-bdc0610e0506,ahorseback.sh,available,34.98,76.98,medium,low,10,namecheap,,,
90426573-5256-46dc-9839-80cd0c0d88e6,youre.sh,available,39.99,47.99,medium,low,5,namesilo,,,
4a45a9c2-be81-4403-8656-f954257eba01,society.sh,available,39.99,47.99,high,low,7,namesilo,,,
3e5e3e73-8ef3-426b-b23f-05873fa4db76,agrestic.sh,available,34.98,76.98,medium,low,8,namecheap,,,
20ebdd88-0a04-4a08-98ce-3c1aa851de62,andorran.sh,available,34.98,76.98,high,low,8,namecheap,,,
d166949a-6081-4caf-85a0-11b520fc167f,shadow.sh,available,,,high,low,6,,,,
0b983c1f-091c-429c-bf13-2e5692ad7574,acherontic.sh,available,34.98,76.98,low,low,10,namecheap,,,
6e0b2ffd-64fa-441b-b352-0a837a3a6e07,restriction.sh,available,39.99,47.99,high,low,11,namesilo,,,
7a186f43-753a-4e21-a3b3-93f9d005927f,smiling.sh,available,39.99,47.99,high,low,7,namesilo,,,
d51d25f1-3f9e-4fcb-b36d-63e10c6550b2,congratulations.sh,available,59.99,,high,low,15,name.com,,,
f58cdfc1-72f6-493d-95a5-f3dd47876020,spotify.sh,available,,,high,low,7,,,,
9633335b-8e0e-4b09-a13b-db5dab1eae04,pillowcase.sh,available,59.99,,high,low,11,name.com,,,
35f4c7c6-90b7-4260-ba0b-1404045fa0b6,drawing.sh,available,39.99,47.99,high,low,7,namesilo,,,
123ed647-19a2-489a-baa3-86f7be51994f,despise.sh,available,39.99,47.99,high,low,7,namesilo,,,
9d015ebe-40b4-414a-a8d3-237e044716d1,household.sh,available,39.99,47.99,high,low,9,namesilo,,,
6d9af63e-8156-4ea1-b817-fe7ae62679f5,citibank.sh,available,,,high,low,8,,,,
06f770d6-4668-4151-9c4c-31ce226544a6,didnt.sh,available,39.99,47.99,medium,low,5,namesilo,,,
26b9f4cd-228b-4b1d-ab37-b5aed1e8d516,hanukkah.sh,available,39.99,47.99,high,low,8,namesilo,,,
8d653812-0912-4c15-9835-23a0254e12c6,aneuploid.sh,available,34.98,76.98,medium,low,9,namecheap,,,
67190ed6-3d3d-4de1-911e-36c1388c799e,aphotic.sh,available,34.98,76.98,medium,low,7,namecheap,,,05/08/2026 23:37
db3cacbd-9f77-4664-82cb-9b2c1ca95403,lips.sh,available,59.99,,high,low,4,name.com,,,
3509ed34-0398-49b4-bdc8-01f481ff5309,aerie.sh,available,,,high,low,5,,,,
c566800c-e9ff-4c5e-9a9c-45562f758d7b,soldiers.sh,available,39.99,47.99,medium,low,8,namesilo,,,
d21ec31b-8b98-4a3e-9650-a6e5b67b8aee,accentual.sh,available,34.98,76.98,medium,low,9,namecheap,,,
98bd625c-59a0-40a2-a3e8-fc41d87556cd,acquired.sh,available,,,high,low,8,,,,
4c5e54c7-c741-425d-a243-77326606aca9,ixc.sh,available,34.98,76.98,medium,low,3,namecheap,,,
265eceff-f252-4ce2-811c-0280153d931c,misses.sh,available,39.99,47.99,high,low,6,namesilo,,,
02866e2a-0a11-47b7-8345-258cf51f300c,algometric.sh,available,34.98,76.98,medium,low,10,namecheap,,,
c0333f5a-311a-444a-be4d-a2c1bf8d3dd3,czechoslovakia.sh,available,39.99,47.99,medium,low,14,namesilo,,,
5bf50c33-9a19-4c30-8f63-68c93fa2865e,septet.sh,available,34.98,76.98,medium,low,6,namecheap,,,
44bcdab3-814a-44fd-9041-c72030dad3bb,terminal.sh,resell,,,high,low,8,Dynadot Inc,06/01/2017 00:30,06/01/2027 00:30,08/09/2026 11:51
7c6e8a1b-c862-41f4-acd9-259502b1710f,ninth.sh,available,34.98,76.98,high,low,5,namecheap,,,
7271ad4b-1ee7-4be1-ae1e-1339caa9f17b,bankrupt.sh,available,34.98,76.98,high,low,8,namecheap,,,08/08/2026 13:29
4356a6f7-f55d-4e6a-beb1-f394ad6c297a,bowed.sh,available,34.98,76.98,medium,low,5,namecheap,,,06/08/2026 14:55
5b3f53da-8af4-47f9-9c07-ed9072adfe7a,acronymous.sh,available,34.98,76.98,medium,low,10,namecheap,,,
0b6a7989-4bb1-4654-be39-291e0805347c,jock.sh,available,39.99,47.99,high,low,4,namesilo,,,
e673f4bd-39a7-41e8-a348-a09e81b57ba6,capitalism.sh,available,39.99,47.99,high,low,10,namesilo,,,
6c110be5-fb53-4feb-acea-2079f9f34100,regular.sh,available,,,high,low,7,,,,
59506375-b7b7-4334-9e0b-eb530c6925c3,repel.sh,available,39.99,47.99,high,low,5,namesilo,,,
fa284c7a-9d43-4f20-a311-9158d3c921b9,poverty.sh,available,39.99,47.99,medium,low,7,namesilo,,,
f9d4cfd5-905a-4b36-9554-962943582d0f,heartthrob.sh,available,59.99,,high,low,10,name.com,,,
8f9da3ab-957b-4664-9f47-93242e097570,respectfully.sh,available,39.99,47.99,high,low,12,namesilo,,,
b24ff53d-500d-43e6-b18c-0b31c5a186e0,etiologic.sh,available,34.98,76.98,medium,low,9,namecheap,,,
3ddb1280-f0ee-4704-80d8-9fe583c9e352,caught.sh,available,39.99,47.99,high,low,6,namesilo,,,
6bc13f11-fd80-4301-bdac-b47aafafcc18,unhappiness.sh,available,59.99,,medium,low,11,name.com,,,
5a2d9868-df6f-4e50-a70c-fba50ed984dc,adorned.sh,available,34.98,76.98,high,low,7,namecheap,,,
06ef04c7-4791-4fe9-91ef-f4c70f712cfe,beaming.sh,available,34.98,76.98,high,low,7,namecheap,,,09/08/2026 04:03
615a1f61-4fa1-432f-945a-7f534d3f45d0,pour.sh,available,39.99,47.99,high,low,4,namesilo,,,
c1035831-6494-49e5-88eb-a0f3a3753208,accusation.sh,available,39.99,47.99,high,low,10,namesilo,,,
96761804-02b1-4850-9a33-4463014b133d,proclaiming.sh,available,39.99,47.99,high,low,11,namesilo,,,
2901800c-22be-4801-a09b-ffc6c6890c7a,roomy.sh,available,59.99,,high,low,5,name.com,,,
18f44382-f14b-453c-90cd-cb28cb7302c0,rough.sh,available,34.98,76.98,high,low,5,namecheap,,,06/08/2026 09:39
c64e7491-e315-45b3-a5f5-7d478dbd9ad0,autistic.sh,available,34.98,76.98,high,low,8,namecheap,,,07/08/2026 19:22
423af5f0-f7a6-482e-ae0f-c88629a27ea8,apoplectic.sh,available,34.98,76.98,medium,low,10,namecheap,,,06/08/2026 03:29
0cd4c92e-7823-4cdf-ad3d-e8f27c153909,solely.sh,available,34.98,76.98,high,low,6,namecheap,,,
24a69ef0-c2b6-4abf-baed-686b0c74b7ea,barbarous.sh,available,34.98,76.98,medium,low,9,namecheap,,,08/08/2026 15:40
b2500ecf-4c13-4e11-a3f9-aa31c869b90f,irritate.sh,available,39.99,47.99,high,low,8,namesilo,,,
12566a6d-671c-4c7f-afad-990c7bbb0071,including.sh,available,39.99,47.99,medium,low,9,namesilo,,,
b4c9b5e2-f195-4af8-bc6e-6dcd8e35ba1f,assigned.sh,available,34.98,76.98,high,low,8,namecheap,,,07/08/2026 06:35
6604a758-07f7-4abe-b077-8420e557933e,arable.sh,available,34.98,76.98,medium,low,6,namecheap,,,06/08/2026 11:14
8d4b4ddc-bae1-426f-a7ef-85e1d986a51f,barbecue.sh,available,39.99,47.99,high,low,8,namesilo,,,
42d7dabb-4978-4ffd-95ca-062e22dbed63,primarily.sh,available,39.99,47.99,high,low,9,namesilo,,,
ff528710-a39c-4fdc-8490-297b39c35534,saintly.sh,available,34.98,76.98,high,low,7,namecheap,,,
6458876d-8189-4b78-a48b-112a45b25532,depression.sh,available,39.99,47.99,medium,low,10,namesilo,,,
4635f670-fad5-4f1e-adcf-121cf09f33d7,bought.sh,available,39.99,47.99,high,low,6,namesilo,,,
630df4c4-f8da-49e4-8568-6eb4aa80291d,liked.sh,available,39.99,47.99,high,low,5,namesilo,,,
3caf24eb-c1ff-4261-9033-35ecc6ef78ca,munich.sh,available,59.99,,high,low,6,name.com,,,
9cbd6136-fb0b-4aad-bcd3-6998b25f7976,insist.sh,available,39.99,47.99,high,low,6,namesilo,,,
3d499e57-cf53-4f13-b5b7-f5aedc640c9c,seriously.sh,available,39.99,47.99,high,low,9,namesilo,,,
e0163840-e7da-4f1f-b918-78d03bde5513,garlic.sh,available,39.99,47.99,high,low,6,namesilo,,,
eb520d9b-bb69-4be2-a341-6f6b41539ad0,saucepan.sh,available,39.99,47.99,high,low,8,namesilo,,,
4076c692-123a-4772-bb32-732fbe81afda,apologize.sh,available,39.99,47.99,high,low,9,namesilo,,,
1c12216d-1ea7-4a24-96a0-f879fb10e593,amiss.sh,available,34.98,76.98,high,low,5,namecheap,,,
2f7d58ed-d390-43c1-b806-7062992c64de,canadas.sh,available,59.99,,medium,low,7,name.com,,,
f9c671d3-01a5-46f2-ad98-d48ccb8401e1,pamper.sh,available,39.99,47.99,high,low,6,namesilo,,,
b1522b1b-0ab3-40bb-a76c-2a5e5515b23c,anesthetic.sh,available,34.98,76.98,high,low,10,namecheap,,,
143c9658-970c-4f78-a5a8-9814c526585c,undesirable.sh,available,39.99,47.99,high,low,11,namesilo,,,
2420cc63-249f-4cb8-a6e4-b7ea78aafc57,irritable.sh,available,39.99,47.99,medium,low,9,namesilo,,,
ebec7cc4-d5cd-48e1-bb32-58b14b2df184,roots.sh,available,,,high,low,5,,,,
757fb101-8fd4-47b2-9c10-59ba0c1baa00,radioactivity.sh,available,39.99,47.99,medium,low,13,namesilo,,,
37495534-2b6a-4c60-8a3f-f31a53f749fa,stockholm.sh,available,39.99,47.99,high,low,9,namesilo,,,
3936b9c3-8655-40bb-b081-1e1b026afdd2,court.sh,available,59.99,,high,low,5,name.com,,,
b111c32c-9436-4464-bd61-454e1cc450ad,existence.sh,available,39.99,47.99,high,low,9,namesilo,,,
2e3248c4-7d02-469a-bc8e-9d9b645f7e09,rudderless.sh,available,34.98,76.98,medium,low,10,namecheap,,,
5075a9d3-b6d7-4452-8cf5-8625ad6c21ad,amuse.sh,available,39.99,47.99,high,low,5,namesilo,,,
ae3d1595-04c5-482b-ba8f-0952301b59ca,carrying.sh,available,39.99,47.99,high,low,8,namesilo,,,
7dbd2106-74f2-4fd5-a2ab-6ffa10776f98,runabout.sh,available,39.99,47.99,high,low,9,namesilo,,,
7dc2f5f5-1de1-42ff-9252-d158a87be238,comprise.sh,available,39.99,47.99,high,low,8,namesilo,,,
15a1c772-b211-4d6b-85af-3d5ccff8f4dc,detest.sh,available,39.99,47.99,medium,low,6,namesilo,,,
0ca2105e-7392-4722-846a-8bb3dd9b08d7,facet.sh,available,59.99,,high,low,5,name.com,,,
8cadf615-7ecf-48b5-98e7-42e55a6df050,customise.sh,available,39.99,47.99,high,low,9,namesilo,,,
dbb8f5b1-c856-466f-838d-891096bd447f,challenging.sh,available,39.99,47.99,high,low,11,namesilo,,,
72ece9eb-c33b-4651-b89a-68b6d5053e54,pesky.sh,available,34.98,76.98,medium,low,5,namecheap,,,
899e9edd-5aca-4b29-8992-36d01284e7ed,march.sh,available,,,high,low,5,,,,
7bfcfa89-0415-478d-b943-a15b12cab0fe,difficulty.sh,available,39.99,47.99,high,low,10,namesilo,,,
257dbd24-131f-4fa6-9246-e8932dded686,gandhi.sh,available,39.99,47.99,high,low,6,namesilo,,,
ce658715-5bde-46c0-bed3-e8e47248469b,abrasive.sh,available,34.98,76.98,high,low,8,namecheap,,,
da8b7bfd-6169-47fc-8e68-88ff661307f3,punch.sh,available,,,high,low,5,,,,
66f08c87-621a-4d0d-b0a0-3f2afdb5053d,represent.sh,available,39.99,47.99,high,low,9,namesilo,,,
05eadecb-c837-4145-b80d-682b4b32f2ba,bridges.sh,available,59.99,,high,low,7,name.com,,,
11e45a51-6759-42cc-83ff-d69ad6c59ad8,antlered.sh,available,34.98,76.98,medium,low,8,namecheap,,,05/08/2026 20:11
b6f234db-07f8-45f8-b098-ad4bca92b60b,propose.sh,available,,,high,low,7,,,,
cc7c2acc-3816-4cba-ad9f-b863e79358cd,anybody.sh,available,59.99,,medium,low,7,name.com,,,
5ef1789b-2ad8-4021-a975-36c61d5c7e4a,depress.sh,available,39.99,47.99,high,low,7,namesilo,,,
0ff57ff1-6f74-4618-8ac3-1275323f6b5e,systematically.sh,available,59.99,,medium,low,14,name.com,,,
90601df8-104f-422f-83aa-b4d15799b358,anglican.sh,available,34.98,76.98,high,low,8,namecheap,,,
dde08730-b19b-4c68-b7eb-a4ac0b4565f0,dubstep.sh,available,39.99,47.99,high,low,7,namesilo,,,
2533b9dd-4137-40ac-a2c9-d1de8ba36146,afterwards.sh,available,34.98,76.98,medium,low,10,namecheap,,,
15bcaac4-caab-468d-b5c2-4ed32499bd38,profession.sh,available,39.99,47.99,high,low,10,namesilo,,,
2f20b6b5-11f6-435e-a171-97fd22b0de9f,assume.sh,available,39.99,47.99,high,low,6,namesilo,,,
99e71882-993a-4799-9a25-b280f5dc1c74,glittering.sh,available,34.98,76.98,high,low,10,namecheap,,,
ce0d2b79-f138-4f89-9611-91712eaf12ab,disneyland.sh,available,39.99,47.99,high,low,10,namesilo,,,
4c14cf9f-8b82-453e-b28d-b8582e21a292,rejected.sh,available,39.99,47.99,medium,low,8,namesilo,,,
6913097a-0d23-4f42-955c-7bc20d7e8b3b,closer.sh,available,39.99,47.99,high,low,6,namesilo,,,
f23c4698-19f7-4dbc-a0f9-df636879bbef,barky.sh,available,34.98,76.98,medium,low,5,namecheap,,,08/08/2026 19:46
381a0278-8142-4ced-92e6-c1e1d2bd1ece,molecules.sh,available,,,medium,low,9,,,,
3ec03abc-b74d-4438-9f89-f1b8103012f9,columbia.sh,available,,,high,low,8,,,,
cac25340-e8d0-4ac4-9927-a1db462a009f,airtight.sh,available,34.98,76.98,high,low,8,namecheap,,,
f47e6681-b3f1-4c02-a89c-1986d8997e83,consensus.sh,available,39.99,47.99,high,low,9,namesilo,,,
18c62db4-0d80-454c-b1d9-b78982308ad1,psychologist.sh,available,59.99,,high,low,12,name.com,,,
6145e2b3-d00d-42fe-8228-91ac6341b56a,stuffy.sh,available,34.98,76.98,high,low,6,namecheap,,,
a5126e4f-c248-4022-8861-e19cde2465b3,begotten.sh,available,34.98,76.98,medium,low,8,namecheap,,,09/08/2026 09:11
2582ad98-e032-4b72-8fa3-21f34fe46f70,atrophic.sh,available,34.98,76.98,low,low,8,namecheap,,,07/08/2026 14:52
7a40a0bb-8c99-4a6f-b383-58da33ee8d17,fifteenth.sh,available,34.98,76.98,high,low,9,namecheap,,,
1d22a3b9-6d5c-41e8-878f-16b2e03c7d7a,eighth.sh,available,34.98,76.98,high,low,6,namecheap,,,
254031b6-ca85-4533-a029-4382b6db7a74,harrowing.sh,available,34.98,76.98,medium,low,9,namecheap,,,
7d392fbf-1ef8-416b-aba0-a628c600f5c3,receipts.sh,available,,,high,low,8,,,,
e36f7c74-bff8-4ade-8786-c4c87190e9b2,maternal.sh,available,39.99,47.99,high,low,8,namesilo,,,
c28de737-94c0-43f6-8c79-ad3ea11656a2,autotomic.sh,available,34.98,76.98,medium,low,9,namecheap,,,07/08/2026 21:13
0a166317-0912-40fe-9f98-d3d4c4f5d29f,athlete.sh,available,39.99,47.99,high,low,7,namesilo,,,
3916b432-af60-4d56-8e81-9fa9c93fa684,approval.sh,available,34.98,76.98,high,low,8,namecheap,,,08/09/2026 15:18
4e518e70-bf15-4a03-804f-f741b8a2ed98,won.sh,available,39.99,47.99,high,low,3,namesilo,,,
7a150d23-b9ec-4d7d-9c43-30fc171d3d43,stroke.sh,available,59.99,,high,low,6,name.com,,,
38dfdc21-6a7b-4752-a622-32875ece396c,snapping.sh,available,39.99,47.99,high,low,8,namesilo,,,
990e8afd-62f7-47b2-92c6-05331a4c787e,songbird.sh,available,39.99,47.99,high,low,8,namesilo,,,
daf386e6-6c40-4298-b8d9-e4ca54a71985,backless.sh,available,34.98,76.98,medium,low,8,namecheap,,,08/08/2026 05:48
4f052089-efdf-4f75-bb7f-9a40c1a54786,evaluative.sh,available,34.98,76.98,medium,low,10,namecheap,,,06/08/2026 08:13
453a9da9-e3fd-4d1d-8dc5-e3faf1dddd86,fiction.sh,available,39.99,47.99,high,low,7,namesilo,,,
7ba7ff3b-4a93-4e04-93db-312c9fe41348,gregorio.sh,available,39.99,47.99,high,low,8,namesilo,,,
a884322a-626e-4f5a-aa6c-02ad076e3e90,bayer.sh,available,,,high,low,5,,,,
ee7fa249-1765-4a69-a709-89c79994e707,annelidan.sh,available,34.98,76.98,medium,low,9,namecheap,,,
e1e4bb16-a12b-4132-abbd-68d429c8f11c,ilxxx.sh,available,34.98,76.98,medium,low,5,namecheap,,,
4aad4b49-04ea-4e35-a508-b9ee39634db2,calender.sh,available,39.99,47.99,high,low,8,namesilo,,,
bd9043e7-669d-4a1c-8b36-5d27e5001c00,watching.sh,available,39.99,47.99,high,low,8,namesilo,,,
b782082f-581a-4a7a-9758-1c6067316dd3,vanquish.sh,available,34.98,76.98,high,low,8,namecheap,,,09/08/2026 05:32
eb2e005c-7684-42f5-8e08-43380210c486,anymore.sh,available,39.99,47.99,high,low,7,namesilo,,,
987a1625-5285-47de-8ac3-c8d0bfab1a5d,urgent.sh,available,39.99,47.99,high,low,6,namesilo,,,
9ee793e0-862b-4fee-8843-ea58376cde43,hang.sh,available,39.99,47.99,high,low,4,namesilo,,,
a950d2fe-5388-486d-a8f6-c803b5cb3e98,stubborn.sh,available,59.99,,high,low,8,name.com,,,
6a3032db-5d76-497d-8a33-a45610e277ab,seaside.sh,available,39.99,47.99,high,low,7,namesilo,,,
9c2d985e-f07d-4872-a76a-5d7544852da3,marines.sh,available,59.99,,high,low,7,name.com,,,
64d57126-821a-4777-bdd6-52fa2fab6a52,supporting.sh,available,39.99,47.99,high,low,10,namesilo,,,
ba214cf6-ac77-4af2-a65f-87ecb092a325,psyche.sh,available,59.99,,high,low,6,name.com,,,
1601277a-77b2-40cf-81c8-fdfda942e19a,angulate.sh,available,34.98,76.98,high,low,8,namecheap,,,
aeb6f34b-0da1-4adb-a98c-3afccd65a7c3,nicki.sh,available,39.99,47.99,high,low,5,namesilo,,,
ac551cdd-d1d3-4405-8946-0c6fdec21c99,spend.sh,available,59.99,,high,low,5,name.com,,,
439bfcfe-f95e-4770-abe9-b95fd51cb7c1,allies.sh,available,59.99,,high,low,6,name.com,,,
9295cd97-a6bd-4da0-bc1d-d5949c7eda28,belt.sh,available,,,high,low,4,,,,
f0b7dbc6-94d7-462f-8e23-7ffc6a55f646,bellbottom.sh,available,34.98,76.98,low,low,10,namecheap,,,09/08/2026 13:21
ca8ee239-7c65-4978-941f-241102e2327b,prone.sh,available,39.99,47.99,high,low,5,namesilo,,,
28c33999-ca66-46e1-8240-066ac163662c,ignore.sh,available,39.99,47.99,high,low,6,namesilo,,,
f10f9f7d-2edb-4b69-a12b-ce13b6a16ad3,greatly.sh,available,59.99,,high,low,7,name.com,,,
0e0999db-e765-47cc-905a-14c988acf6cf,commonly.sh,available,39.99,47.99,high,low,8,namesilo,,,
78b155e5-6db8-458a-8ee5-b9f8cd097c3f,appreciate.sh,available,39.99,47.99,high,low,10,namesilo,,,
85d4f5e2-321e-4a51-9302-dbad7123a392,surfboard.sh,available,59.99,,high,low,9,name.com,,,
cfb0c470-5ced-4ff8-a7d8-08e4f0450a8e,aurorean.sh,available,34.98,76.98,medium,low,8,namecheap,,,07/08/2026 18:12
a36380e1-5f84-48ed-9428-d7ff880bcb58,lightly.sh,available,39.99,47.99,high,low,7,namesilo,,,
0e1ec7c5-67fe-4a21-a9bb-7260690e33a5,appeal.sh,available,59.99,,high,low,6,name.com,,,
fb80cec9-100a-4a76-8003-94c596637b42,aflutter.sh,available,34.98,76.98,medium,low,8,namecheap,,,
f6dcfe78-e495-438b-8f24-aafa34391316,doubling.sh,available,39.99,47.99,high,low,8,namesilo,,,
3abe9ca5-3341-4037-82d6-03abac790b85,retracted.sh,available,59.99,,medium,low,9,name.com,,,
614725fc-0a4c-4615-af9f-86e3cd75a869,pretence.sh,available,39.99,47.99,high,low,8,namesilo,,,
d2e3ae4d-e47e-4d8b-9ea5-9c0b16f68932,lyric.sh,available,59.99,,high,low,5,name.com,,,
85692984-daf5-4636-a024-9247545808fa,courses.sh,available,39.99,47.99,high,low,7,namesilo,,,
540a31e9-e653-4540-9592-8019473d22b8,country.sh,available,39.99,47.99,high,low,7,namesilo,,,
b6a86d68-d5ed-4972-890c-fa5afb17805c,cumulative.sh,available,34.98,76.98,high,low,10,namecheap,,,
b2fa2112-2e9a-4da8-8746-5cf43f02da10,annulated.sh,available,34.98,76.98,medium,low,9,namecheap,,,
478bcd1f-746f-48b6-a93a-a3b9198bfc00,perceiving.sh,available,59.99,,high,low,10,name.com,,,
bd3839c5-2ed4-4261-9c69-f684593ca546,accidental.sh,available,34.98,76.98,high,low,10,namecheap,,,
e7b87434-f1bb-4099-9136-12b28b65ebba,extinction.sh,available,39.99,47.99,high,low,10,namesilo,,,
4b37085d-2915-4270-b650-530c8f9caad0,ballistic.sh,available,34.98,76.98,high,low,9,namecheap,,,08/08/2026 10:31
389f105b-ae14-4337-8ac8-dceba4fbf43f,cocksucker.sh,available,34.98,76.98,medium,low,10,namecheap,,,08/08/2026 23:29
6fdb8608-1ed5-40fa-b212-2b73d41a7667,almost.sh,available,39.99,47.99,high,low,6,namesilo,,,
3ab6d2f5-1912-4163-85fe-6ebdda64fe1b,alary.sh,available,34.98,76.98,medium,low,5,namecheap,,,
8c58f9cb-a30f-4894-a382-d8501a677053,alimentary.sh,available,34.98,76.98,high,low,10,namecheap,,,
73d381f1-b6c8-478f-8098-cd2c0b1de653,cracking.sh,available,34.98,76.98,high,low,8,namecheap,,,08/08/2026 12:25
32177dd4-93fd-48b6-bff2-d8057f997b0a,passcode.sh,available,39.99,47.99,high,low,8,namesilo,,,
494ef09f-c921-47e3-a88c-a98a0f1fa415,adequately.sh,available,39.99,47.99,high,low,10,namesilo,,,
ace006dc-af6f-4a71-ba79-837c5913e4d6,avionic.sh,available,34.98,76.98,medium,low,7,namecheap,,,07/08/2026 23:35
46203d98-4ec7-479a-9c27-19a6087b8334,bets.sh,available,,,high,low,4,,,,
1ea86732-0c3b-40d6-9b7c-ea5d80df3c5f,pu.sh,resell,,,high,low,4,101domain GRS Limited,29/04/2011 01:15,29/04/2028 01:15,
1710c768-c156-43ae-967e-c2d5b72a462d,disappointed.sh,available,39.99,47.99,medium,low,12,namesilo,,,
6ab0e4fa-a760-4b4f-8f29-3427276724a0,potbellied.sh,available,34.98,76.98,medium,low,10,namecheap,,,
7c17153c-3de3-4701-af7e-9a926bd771c5,were.sh,available,39.99,47.99,high,low,4,namesilo,,,
cf5a5437-6ae0-4710-ae08-556a46cc1078,obtain.sh,available,59.99,,high,low,6,name.com,,,
3c7bd96d-8dec-4cde-901d-6893984a3a0d,germicide.sh,available,34.98,76.98,high,low,9,namecheap,,,
dba743d8-4018-4ee4-956b-ac56b36c2e10,enthusiasm.sh,available,39.99,47.99,high,low,10,namesilo,,,
74bb5025-d0b7-46fa-af64-2a9f4d26af52,slim.sh,available,,,high,low,4,,,,
77cb905a-9fe6-44e8-9b68-95da0d2fea3e,convene.sh,available,39.99,47.99,high,low,7,namesilo,,,
a5064a27-fb84-4181-a284-764c07b4774b,fucksome.sh,available,39.99,47.99,low,low,8,namesilo,,,
00b59b2e-7135-4cb4-ae09-b0350d514724,brownie.sh,available,39.99,47.99,high,low,7,namesilo,,,
9bfec576-0277-4d64-b809-4b39629595c6,mosque.sh,available,59.99,,high,low,6,name.com,,,
adf4af54-8c2a-4983-b0bd-2d161da2ddcf,hoops.sh,available,39.99,47.99,high,low,5,namesilo,,,
ec7dd2ee-5f67-463c-b0d7-f53ab554e8c7,judgment.sh,available,39.99,47.99,high,low,8,namesilo,,,
7b73a2d6-cc8f-4387-800a-1b550b1bec60,azonic.sh,available,34.98,76.98,medium,low,6,namecheap,,,08/08/2026 02:32
e9d51437-6f5e-435f-b36b-1683cdf1fe93,temple.sh,available,,,high,low,6,,,,
ec28c099-98dc-4bab-873f-b258b2ff50f1,literally.sh,available,59.99,,high,low,9,name.com,,,
04991b36-1103-4baf-8e44-3fc3285d0707,motley.sh,available,34.98,76.98,high,low,6,namecheap,,,07/08/2026 07:29
ef78764d-25bb-4391-8fde-b82fae6fce46,acinic.sh,available,34.98,76.98,medium,low,6,namecheap,,,
5d8a4725-e628-4067-8e79-29715132bc33,super.sh,resell,,,high,medium,5,"GoDaddy.com, LLC",28/09/2021 14:30,28/09/2025 14:30,
6be6fc22-e3d5-42b9-9683-1e6ba4c00a66,flexing.sh,available,59.99,,high,low,7,name.com,,,
d9cf75c5-baf4-4803-bf97-31187caccef4,suffer.sh,available,39.99,47.99,high,low,6,namesilo,,,
fe9b10a6-a333-4a72-8856-1dbda9bd524b,daughter.sh,available,59.99,,high,low,8,name.com,,,
1b5dac2a-edd8-4687-8d96-52d778f32c3e,bucolic.sh,available,34.98,76.98,high,low,7,namecheap,,,06/08/2026 14:14
9b1abade-4e60-4b6f-b853-0e13943b8b67,pernicious.sh,available,34.98,76.98,medium,low,10,namecheap,,,08/08/2026 12:01
9db4e3c4-b83d-4ab8-b8ac-241c1411f7eb,apolitical.sh,available,34.98,76.98,high,low,10,namecheap,,,06/08/2026 02:02
7ac95795-2257-4eff-a026-c4f1710bf63f,yur.sh,available,39.99,47.99,high,low,3,namesilo,,,
5b5d12f2-0c6c-4cff-915a-cfa2ba99f9ab,grains.sh,available,59.99,,high,low,6,name.com,,,
910f4b16-8e5a-45f0-b679-05fe3ff34df4,november.sh,available,59.99,,high,low,8,name.com,,,
5f5b3f42-f762-4742-b41b-640ea53a1f67,barefooted.sh,available,34.98,76.98,medium,low,10,namecheap,,,08/08/2026 18:59
6ce0e393-b7a8-480d-9a45-5c286123f917,learnt.sh,available,39.99,47.99,medium,low,6,namesilo,,,
156abf3a-d03b-4be5-a8ef-e9b853774102,loosely.sh,available,39.99,47.99,medium,low,7,namesilo,,,
fa864f05-d403-4986-8971-c1b800ad406a,sets.sh,available,39.99,47.99,medium,low,4,namesilo,,,
0a25a592-95f6-45a1-841e-0170df0e759a,badness.sh,available,34.98,76.98,medium,low,7,namecheap,,,08/08/2026 07:23
bf96d306-2522-4bd5-85e7-b1bd637e2549,devise.sh,available,39.99,47.99,high,low,6,namesilo,,,
a77ffe9c-1d5a-4ca2-8651-78d143e39d81,pissed.sh,available,34.98,76.98,medium,low,6,namecheap,,,
1769cf48-2dd0-45fa-84dc-60fbd9802c36,globular.sh,available,34.98,76.98,high,low,8,namecheap,,,08/08/2026 10:06
744be173-0fa2-433c-bcee-15b051c378c0,lucrative.sh,available,39.99,47.99,high,low,9,namesilo,,,
fd9f5e8c-2a43-4482-b831-252922ea045b,trophy.sh,available,59.99,,high,low,6,name.com,,,
3333864f-542e-401e-82cb-f0168e55df60,alight.sh,available,34.98,76.98,high,low,6,namecheap,,,
c841724d-1410-4d1a-bfca-f04f0c4fcede,insect.sh,available,39.99,47.99,high,low,6,namesilo,,,
af7cded5-f0e1-4c48-9db4-75b818b46ee8,although.sh,available,39.99,47.99,medium,low,8,namesilo,,,
a642ea4d-63ee-4f66-938e-eb648193b2ff,jolly.sh,premium,39.99,47.99,high,low,5,namesilo,,,
8aa7db5d-f925-4304-a812-1c41a4b5755b,examine.sh,available,39.99,47.99,high,low,7,namesilo,,,
4395db96-618a-425d-a31a-cd8e10c00f6a,allegretto.sh,available,34.98,76.98,high,low,10,namecheap,,,
448d3755-b813-4ff5-97ff-6173507bfdb2,ilx.sh,available,34.98,76.98,medium,low,3,namecheap,,,
ab33dfcc-f55c-4951-9afa-7f7426671562,absolutist.sh,available,34.98,76.98,high,low,10,namecheap,,,
5ead7c99-26c1-4c44-9f7b-f5f6d24502a7,agnate.sh,available,34.98,76.98,medium,low,6,namecheap,,,
d75fcc2e-9a01-4137-bac0-e17b408dd889,meddle.sh,available,39.99,47.99,high,low,6,namesilo,,,
1d439953-0315-424d-96a0-26329b7adb07,abashed.sh,available,34.98,76.98,medium,low,7,namecheap,,,
63ea8942-6a79-4ef9-9142-5f3eae8b2206,peeved.sh,available,34.98,76.98,medium,low,6,namecheap,,,
05c95556-9c7f-45b6-b3c9-23375491a889,majestic.sh,available,59.99,,high,low,8,name.com,,,
c23dd87e-dca7-4bfe-abe5-6457be4cbd23,campaign.sh,available,59.99,,high,low,8,name.com,,,
7f09e098-5e13-4e5b-a863-82a30db85418,maintain.sh,available,59.99,,high,low,8,name.com,,,
e1bd424f-1c8f-4b20-bb88-c2dcf754dc31,aligning.sh,available,34.98,76.98,medium,low,8,namecheap,,,
00ae5021-8bc6-40fa-84d0-af571ea55829,stranger.sh,available,59.99,,high,low,8,name.com,,,
e08d99f6-bfd7-46a6-bcb2-abec5bab5fb0,prompting.sh,available,59.99,,high,low,9,name.com,,,
d5e6c0ef-bb10-4fab-90f8-802d37e2baf9,couple.sh,available,59.99,,high,low,6,name.com,,,
61be2e00-0b1e-4fe3-bf54-0b945f95eca3,conducting.sh,available,39.99,47.99,high,low,10,namesilo,,,
312c4c2e-3e52-438a-8d59-c1d98dc5f336,indate.sh,available,39.99,47.99,medium,low,7,namesilo,,,
23f50bf3-8450-4b41-8c8e-3dfb4f2b6e37,waterless.sh,available,34.98,76.98,medium,low,9,namecheap,,,06/08/2026 19:03
bba89286-c6e0-4f23-804d-1a6dd07fafe6,afghan.sh,available,34.98,76.98,high,low,6,namecheap,,,
a2656da0-7b27-4f10-87ed-b1554ca513dd,poorly.sh,available,39.99,47.99,medium,low,6,namesilo,,,
ac4e06a8-38a3-4ea0-9c30-2cc6ccd17674,yearbook.sh,available,39.99,47.99,high,low,8,namesilo,,,
deacb991-5866-4c83-a2b0-28ed67d3bd7d,relieved.sh,available,34.98,76.98,high,low,8,namecheap,,,
192927b2-09f7-45f2-9d1b-16f10566385e,fleshly.sh,available,34.98,76.98,medium,low,7,namecheap,,,
d7eaad01-5bf3-434e-88cf-bd3e480ed3e4,oppose.sh,available,39.99,47.99,high,low,6,namesilo,,,
b7866bd3-5aec-4ba7-bc80-63d203ee6448,chimney.sh,available,39.99,47.99,high,low,7,namesilo,,,
07b30d7b-be5f-4e2f-862d-50fa41302a83,peacock.sh,available,,,high,low,7,,,,
5f4e0c40-df71-4c83-a2e3-9f2a3fa9954f,detour.sh,available,39.99,47.99,high,low,6,namesilo,,,
943e1742-a6f2-4b39-81ae-4c53b8d844e9,crackers.sh,available,34.98,76.98,high,low,8,namecheap,,,06/08/2026 20:45
aabb5c92-16bc-4f41-8cde-c5a9d7fde1ae,ribbon.sh,available,39.99,47.99,high,low,6,namesilo,,,
87227877-595e-4d7d-965a-54ed71d6f267,ternary.sh,available,,,high,low,7,,,,
2e05c257-862b-460e-84bd-99a01a4578bf,maintained.sh,available,39.99,47.99,high,low,10,namesilo,,,
8410ab86-cea4-4763-b7d9-bf81734e1929,implausible.sh,available,39.99,47.99,medium,low,11,namesilo,,,
2e26e194-0f9c-494a-baba-e87bb2052124,with.sh,available,,,high,high,4,,,,
a612e6e2-5315-481f-b83c-2dd251f68fa4,wiring.sh,available,39.99,47.99,high,low,6,namesilo,,,
d56e9cd7-5c55-4483-aa75-a5b9a7dc6d42,sophisticated.sh,available,39.99,47.99,high,low,13,namesilo,,,
78aca193-e47d-40a7-9957-04c4f5b9645a,axiomatic.sh,available,,,medium,low,9,,,,
8683a886-966a-44c2-aad9-91aa2122df8d,recover.sh,available,59.99,,high,low,7,name.com,,,
e57eb0d9-0d83-4b0b-8782-52c021a47f91,prayer.sh,available,39.99,47.99,high,low,6,namesilo,,,
ead546ba-4153-48d8-8760-19d0a7d69de3,analphabet.sh,available,34.98,76.98,medium,low,10,namecheap,,,
9e8a35d6-b668-4f7e-afdb-101b1061354f,auditive.sh,available,34.98,76.98,medium,low,8,namecheap,,,07/08/2026 16:49
60d474b2-c5d1-492a-8f76-cd80c5a8d497,heads.sh,available,39.99,47.99,high,low,5,namesilo,,,
3d9cc5ce-2538-4f60-8b69-ae89cf04aeeb,arced.sh,available,34.98,76.98,medium,low,5,namecheap,,,06/08/2026 14:28
d0de71f6-d18e-4fbf-b337-a0b33f6411e1,shopworn.sh,available,34.98,76.98,medium,low,8,namecheap,,,08/08/2026 11:06
b6761763-a4a0-442b-8111-3d8fb25c3930,intensive.sh,available,39.99,47.99,high,low,9,namesilo,,,
08f244cb-0012-4e2b-836a-91a1d36b4279,canada.sh,available,,,high,low,6,,,,
a445c5b2-edc1-4304-b0f3-8d7e27d360d2,sausage.sh,available,39.99,47.99,high,low,7,namesilo,,,
d1d21f31-9a81-4c05-bb7d-a3fee7c79a4d,pizzeria.sh,available,39.99,47.99,high,low,8,namesilo,,,
16bc9b08-f183-4648-8100-de2e9dcd9372,luxembourg.sh,available,,,high,low,10,,,,
6cb9a062-22cb-4513-a33f-c87f181d66db,wobbly.sh,available,59.99,,high,low,6,name.com,,,
9c2946dc-b18b-45f0-8430-01d9496cc9b4,newfound.sh,available,34.98,76.98,medium,low,9,namecheap,,,08/09/2026 04:48
e03e0c7b-4c35-4667-822c-cc1dd4c27145,jointly.sh,available,39.99,47.99,high,low,7,namesilo,,,
0c977627-1a6f-4e85-b24e-1942e083ad12,hannukah.sh,available,39.99,47.99,high,low,8,namesilo,,,
ff91da1a-2e2f-4a3c-8de5-61c0289cc496,darken.sh,available,39.99,47.99,high,low,6,namesilo,,,
ca100146-a518-4d35-9ffe-ccebdb620f1a,might.sh,available,59.99,,high,low,5,name.com,,,
d1db9a58-ce28-4043-95c1-7162049ec38f,breathe.sh,available,39.99,47.99,high,low,7,namesilo,,,
03a168e9-61ea-404d-936f-504a6ebaee81,dislike.sh,available,39.99,47.99,high,low,7,namesilo,,,
cadc94fe-e527-484a-9185-6be32d840274,incentive.sh,available,,,high,low,9,,,,
16f43058-a9de-4707-ac13-adfd498bcd80,proclaim.sh,available,39.99,47.99,high,low,8,namesilo,,,
292a9a7b-d5ef-4a67-b27d-a6120f21b2a6,chanukah.sh,available,39.99,47.99,high,low,8,namesilo,,,
7830c9bc-4805-47ea-b58f-3d22d93d9c4d,intelligent.sh,available,,,high,low,11,,,,
3a635507-4f8d-4488-9af4-84cb7de80406,workfare.sh,available,39.99,47.99,high,low,8,namesilo,,,
0afcfb4f-8875-4217-925a-a472298ab83d,cement.sh,available,39.99,47.99,high,low,6,namesilo,,,
393e8095-9e7b-47d0-b687-1bbab7e6eb9e,collision.sh,available,59.99,,high,low,9,name.com,,,
0b50f794-261d-479b-b559-5514325d3db5,incidence.sh,available,39.99,47.99,high,low,9,namesilo,,,
3dd2daa5-d466-4065-b0ef-6d75e69633fb,somesing.sh,available,39.99,47.99,medium,low,8,namesilo,,,
9dce505c-fcf6-4aa2-82be-0d5d1ee896f5,organized.sh,available,39.99,47.99,high,low,9,namesilo,,,
91d1ed8b-6597-4240-bebc-1eed0b9c1d95,means.sh,available,59.99,,high,low,5,name.com,,,
39b4d8bc-ced1-40a4-9569-857b1009c291,critique.sh,available,59.99,,high,low,8,name.com,,,
b15e7757-18c7-4acb-a24f-cb9a00a373f0,justified.sh,available,39.99,47.99,high,low,9,namesilo,,,
647bb053-3155-4648-a4fe-6ab1207a149d,significantly.sh,available,39.99,47.99,medium,low,13,namesilo,,,
19520398-5df1-4a57-a0d9-272afc191ec3,butcher.sh,available,39.99,47.99,high,low,7,namesilo,,,
fa2f0e00-3dc2-4551-a610-73bb4f33d7d8,briefly.sh,available,59.99,,high,low,7,name.com,,,
a1314bed-8c76-4f1f-8797-ead5c4836527,gave.sh,available,39.99,47.99,medium,low,4,namesilo,,,
827e2337-7b9f-4c17-87ad-000fc52259e4,tahoe.sh,available,39.99,47.99,high,low,5,namesilo,,,
874dbc8f-9e7d-4be4-90e9-4f9a1d9ff57e,intersection.sh,available,59.99,,high,low,12,name.com,,,
39188504-c7e3-4d94-b41b-dc8f82e8d4e3,mills.sh,available,,,high,low,5,,,,
be34f1ed-8805-46ac-83c7-7986aad586c5,stepson.sh,available,59.99,,high,low,7,name.com,,,
9f1300ee-d561-4aab-8147-d677945fbdee,cadillac.sh,available,39.99,47.99,high,low,8,namesilo,,,
708f168c-8b0a-45bd-8b75-561656bf48b7,drinking.sh,available,59.99,,high,low,8,name.com,,,
aed3ca1c-5870-4d7e-aaa5-79fa2d486d1e,toxic.sh,available,39.99,47.99,high,low,5,namesilo,,,
932e0880-5a51-48bf-9981-efe49d3e1928,conscience.sh,available,39.99,47.99,high,low,10,namesilo,,,
3e9fa6cb-44f9-425d-a5d5-019a2266bb53,fatigue.sh,available,39.99,47.99,high,low,7,namesilo,,,
603d5852-47af-4d76-888b-956ffc1cf966,cinque.sh,available,34.98,76.98,medium,low,6,namecheap,,,
8dc2e1a2-022a-4f67-adbb-b7ded4b13e2f,scarface.sh,available,39.99,47.99,high,low,8,namesilo,,,
f243cf75-2e3f-4e98-9982-a490b66d7156,secondly.sh,available,39.99,47.99,medium,low,8,namesilo,,,
082393de-a4f2-4ced-ac55-da67e14f1886,contaminated.sh,available,39.99,47.99,medium,low,12,namesilo,,,
cc22c289-92a5-4193-b520-fede36deeab2,possible.sh,available,39.99,47.99,high,low,8,namesilo,,,
df7eeb8c-75e8-4596-8c03-c97cc8c668cc,labour.sh,available,59.99,,high,low,6,name.com,,,
603e90d6-90c5-4a67-a5b3-4eada30c9d5d,atlantic.sh,available,,,high,low,8,,,,
8e7521b0-1cb5-46ea-a16a-d417cd8c0a99,fictitious.sh,available,34.98,76.98,medium,low,10,namecheap,,,07/08/2026 07:50
b203b580-d677-4c80-9954-3718affc70ff,thumping.sh,available,34.98,76.98,high,low,8,namecheap,,,08/08/2026 13:08
20cb24ed-3857-4117-9d3f-7df8ff927fa3,taipei.sh,available,39.99,47.99,high,low,6,namesilo,,,
72e7f792-0f3f-452a-9767-19d593c64a8f,electricity.sh,available,39.99,47.99,high,low,11,namesilo,,,
ed6dfc79-3432-4b6c-9b26-58ff0c661f75,wheezy.sh,available,34.98,76.98,medium,low,6,namecheap,,,07/08/2026 09:31
09b98892-4da7-4661-932b-b6035c7d1637,lxxxi.sh,available,34.98,76.98,medium,low,5,namecheap,,,
b0e407a4-d4da-4225-88a8-7c17078e61cf,florid.sh,available,34.98,76.98,medium,low,6,namecheap,,,07/08/2026 17:26
38f3c8a6-0c39-41de-bdab-4ec66ea7555e,experimental.sh,available,39.99,47.99,high,low,12,namesilo,,,
26dfed58-5b1e-4824-82c1-a3a0ba65e947,piston.sh,available,39.99,47.99,high,low,6,namesilo,,,
d372d469-5dc3-4abb-b230-d85b5a9da4fe,archosaur.sh,available,34.98,76.98,medium,low,9,namecheap,,,06/08/2026 15:57
c6a5660e-ca80-425c-99fc-fe3c5f52d7cc,lesson.sh,available,39.99,47.99,high,low,6,namesilo,,,
011c6c6c-87ee-4205-94c0-1d017f75ea3e,alloyed.sh,available,34.98,76.98,high,low,7,namecheap,,,
72e83f37-f488-4b94-8378-79ff98d7fc9f,abaft.sh,available,34.98,76.98,low,low,5,namecheap,,,
36e21397-32bc-4afd-a851-578f1d03e28d,dandy.sh,available,34.98,76.98,high,low,5,namecheap,,,08/08/2026 12:30
5cb12b0e-1bc6-42b9-a657-83328087a8d5,chairman.sh,available,39.99,47.99,high,low,8,namesilo,,,
cca7fec6-5f32-4284-bc14-25c5cd084e5d,climbable.sh,available,34.98,76.98,medium,low,9,namecheap,,,07/08/2026 00:10
d0cbadf9-4c2e-423f-9a93-3ae9f96aaafb,raunchy.sh,available,34.98,76.98,medium,low,7,namecheap,,,09/08/2026 09:41
eed29da9-14aa-4603-bf69-8ddf7ee97b18,probably.sh,available,39.99,47.99,high,low,8,namesilo,,,
39a78af9-2e20-4a59-aff7-8a5354addc78,effectively.sh,available,39.99,47.99,high,low,11,namesilo,,,
c305cb5d-2e27-414f-ad11-f12b5893152f,withering.sh,available,34.98,76.98,medium,low,9,namecheap,,,
f3919544-c30b-4351-8b91-e9ede0f720eb,alienable.sh,available,34.98,76.98,high,low,9,namecheap,,,
f7f0a8a6-2505-4569-903a-0fe0543f6523,fulgid.sh,available,34.98,76.98,medium,low,6,namecheap,,,
7f80ef87-6358-4dc7-a147-bd90da62a759,foreign.sh,available,34.98,76.98,high,low,7,namecheap,,,
292edbb4-1e09-4d4e-90a8-15f1cefefc17,askance.sh,available,34.98,76.98,medium,low,7,namecheap,,,07/08/2026 02:56
5c486ecf-6622-488c-ae1c-9b73207918ca,beaded.sh,available,34.98,76.98,medium,low,6,namecheap,,,09/08/2026 03:18
0dad7703-2028-48f6-a0b4-45fdf0fb7f60,watchful.sh,available,34.98,76.98,high,low,8,namecheap,,,
0b8f000f-9a33-47a7-9d2b-0a38de10423c,perceived.sh,available,39.99,47.99,high,low,9,namesilo,,,
b51c5e13-f0d0-4f83-a29c-11dc70df5a6a,alkaloidal.sh,available,34.98,76.98,medium,low,10,namecheap,,,
2b9b36cc-a3b0-45b1-831b-5c6df89911a1,qualifier.sh,available,59.99,,high,low,9,name.com,,,
1cf83280-1ffe-4cf1-a028-495568f85869,acoustic.sh,available,34.98,76.98,high,low,8,namecheap,,,
8d475a21-8996-4be5-b5bb-b444b8eada7b,anal.sh,available,,,high,low,4,,,,
069e9922-bea7-4370-bdb9-69ddc543ca55,miffed.sh,available,34.98,76.98,medium,low,6,namecheap,,,
07cd58f3-0196-43e2-90bc-d9ce818421af,apsidal.sh,available,34.98,76.98,medium,low,7,namecheap,,,06/08/2026 10:18
2385dc65-fa99-450c-a4d6-247ba325d4ea,performing.sh,available,34.98,76.98,high,low,10,namecheap,,,
ee145842-26e1-4f94-af21-156051adffc5,nineteenth.sh,available,34.98,76.98,high,low,10,namecheap,,,
4e0ebc37-d20b-454e-b150-5576ef073bed,credit.sh,resell,,,high,low,6,"Spaceship, Inc.",11/04/2025 15:15,11/04/2027 15:15,
9ce15699-4d04-4d1d-9098-988ffe939e29,inspired.sh,available,39.99,47.99,high,low,8,namesilo,,,
68ad5c37-d704-458d-a101-dcd6217b299b,barrier.sh,available,39.99,47.99,high,low,7,namesilo,,,
7ae32700-3bd8-414b-8e7b-33b9e723d9e9,exist.sh,available,39.99,47.99,high,low,5,namesilo,,,
8e7b27b3-b374-46bf-a713-a6811d108f4e,pail.sh,available,39.99,47.99,high,low,4,namesilo,,,
1946a8c3-2e30-4a46-a61c-6cf3a39d8e47,attend.sh,available,,,high,low,6,,,,
2ebcbdfe-dc30-4a2f-87ef-3505fd5c5a0c,subalpine.sh,available,34.98,76.98,medium,low,9,namecheap,,,
1ca89d3e-55bc-4951-abf0-23b73ae9b777,pilot.sh,available,,,high,low,5,,,,
eb336aba-e681-4ff4-b8d1-14435fa5dd97,condolences.sh,available,39.99,47.99,medium,low,11,namesilo,,,
1bbd1464-d1ed-4ea1-87c2-ef1729958632,sympathetic.sh,available,39.99,47.99,high,low,11,namesilo,,,
b2c69f04-3afe-499e-963b-202494401cb2,affine.sh,available,34.98,76.98,high,low,6,namecheap,,,
8cd7fe12-af90-41ed-b0f6-78ab7eeb17e1,smashing.sh,available,34.98,76.98,high,low,8,namecheap,,,08/08/2026 12:53
ac366b1f-b5b9-4431-97a5-b7387f316f0e,contralto.sh,available,34.98,76.98,medium,low,9,namecheap,,,
be078560-b120-4d62-91cb-2d9ff054aba7,carriage.sh,available,39.99,47.99,high,low,8,namesilo,,,
30c496ea-f08d-478d-bccc-6e827054ad2e,quint.sh,available,,,medium,low,5,,,,
d64f9e52-76b1-4df3-9c97-ba1708b44b14,buzzing.sh,available,34.98,76.98,high,low,7,namecheap,,,
f53693a6-b73d-4c4c-894b-e4bcee5ed6d9,lie.sh,available,,,high,low,3,,,,
2920f477-61e2-4b27-a127-5de1610ebc0a,cincinnati.sh,available,39.99,47.99,high,low,10,namesilo,,,
a7fd1d01-a080-4bdd-bbe3-be42ed526e49,loony.sh,available,34.98,76.98,high,low,5,namecheap,,,06/08/2026 21:17
f96569bc-0972-40a5-a257-d73b8e9f29d4,robed.sh,available,34.98,76.98,medium,low,5,namecheap,,,06/08/2026 05:03
c649ce1c-d6a8-47ca-818c-31b80997ed50,octad.sh,available,34.98,76.98,medium,low,5,namecheap,,,
df818426-c54c-444f-a877-54abae8208ea,leaning.sh,available,34.98,76.98,high,low,7,namecheap,,,07/08/2026 13:24
f39de18d-93b3-47d8-a973-4c7991b95b78,conjunction.sh,available,39.99,47.99,high,low,11,namesilo,,,
b30919d0-2ba6-448b-acff-48fd4d5cfa98,quieter.sh,available,39.99,47.99,high,low,7,namesilo,,,
d6e4a01c-3dc4-40ca-8ba5-15784f15f871,amyloid.sh,available,34.98,76.98,medium,low,7,namecheap,,,
030d2f6c-7a5a-4664-8fad-317c88e40313,provoke.sh,available,39.99,47.99,high,low,7,namesilo,,,
439b5abf-7868-4b4f-873e-a73eb8f4edda,advertised.sh,available,34.98,76.98,high,low,10,namecheap,,,
c503c039-576a-4b07-8aff-c7b11390710b,anniversary.sh,available,39.99,47.99,high,low,11,namesilo,,,
96ab0859-3cb3-46a7-adb0-21f75a0929fc,justification.sh,available,39.99,47.99,high,low,13,namesilo,,,
a8bc4d05-5acd-4f1d-9fca-37a37e199a52,dinner.sh,available,39.99,47.99,high,low,6,namesilo,,,
c49ac3e9-4d7e-4b4b-99d9-01bd1942f05a,alarmed.sh,available,34.98,76.98,high,low,7,namecheap,,,
037d7aa6-2ba9-4775-8017-8f19ae957c02,bargain.sh,available,39.99,47.99,high,low,7,namesilo,,,
408f2d5d-3ae2-4456-b286-e21090d7de6c,westminster.sh,available,39.99,47.99,high,low,11,namesilo,,,
33ece1dc-e7a2-413f-82c0-f2052aacc56a,toll.sh,available,,,medium,low,4,,,,
99af830a-b361-40a0-8b90-78bb28004650,lxxx.sh,available,34.98,76.98,medium,low,4,namecheap,,,
c87e33bc-586c-4a38-899c-912b5b9469ce,rotfl.sh,available,39.99,47.99,medium,low,5,namesilo,,,
7da535cc-a0b9-4372-8276-da39b10edcba,kept.sh,available,59.99,,high,low,4,name.com,,,
0f06ce8d-4b8f-4833-ae80-0052c36325aa,courtroom.sh,available,39.99,47.99,high,low,9,namesilo,,,
ee16aeaf-8627-4449-92b9-b65fda9f03d5,commentate.sh,available,39.99,47.99,high,low,10,namesilo,,,
c00ee233-c835-4c32-b10e-a46ba3c18988,insufficient.sh,available,39.99,47.99,medium,low,12,namesilo,,,
0ca085a5-40af-45be-a8eb-93b0de37dd29,core.sh,resell,,,high,medium,4,"NameCheap, Inc.",17/07/2022 23:36,17/07/2027 23:36,19/09/2026 10:56
abf6efe4-34af-4fa5-94ed-a6e837c264ea,inquisitive.sh,available,59.99,,high,low,11,name.com,,,
bf1256f8-32f8-4754-ad93-21582dae7b6a,evitable.sh,available,34.98,76.98,medium,low,8,namecheap,,,07/08/2026 22:45
550bf209-ed51-4241-a50d-933c986f6023,leia.sh,available,39.99,47.99,high,low,4,namesilo,,,
5e580582-dd49-4ffa-8df6-c1660b1cfb24,basketball.sh,available,39.99,47.99,high,low,10,namesilo,,,
2f065718-a5fd-46e5-8e88-47617adae007,painkiller.sh,available,34.98,76.98,high,low,10,namecheap,,,
1404e35b-c496-4a03-9dff-2280ab29b166,batty.sh,available,,,medium,low,5,,,,
7e1ec7bf-6079-498f-b0b3-6ba6c77eabd9,paunchy.sh,available,34.98,76.98,medium,low,7,namecheap,,,
9e6ffb69-4509-4031-8719-6f13a58a4744,labor.sh,available,59.99,,high,low,5,name.com,,,
6e9da8aa-1547-4c7f-8220-fd2a5862ec07,impressed.sh,available,39.99,47.99,high,low,9,namesilo,,,
2717bac4-22da-4925-bf53-e446c87f3499,leasing.sh,available,39.99,47.99,high,low,7,namesilo,,,
50a0d455-8337-4dce-8410-f872362957c8,haywire.sh,available,34.98,76.98,high,low,7,namecheap,,,
dda0f4bd-9cf8-4f66-ad70-384e4d7c18a8,overhang.sh,available,34.98,76.98,medium,low,8,namecheap,,,09/08/2026 08:28
6ff6aab7-5aab-4be9-9b97-ecedcf41a2af,citizenship.sh,available,39.99,47.99,high,low,11,namesilo,,,
0294e1e6-2e5c-4079-8d13-b59573b3752f,summoned.sh,available,39.99,47.99,medium,low,8,namesilo,,,
ba5ceaa0-841c-42ba-ba22-58d3aaca79f7,atop.sh,available,39.99,47.99,high,low,4,namesilo,,,
e04c119c-90e3-42cb-b7b3-6eac90adf5c3,printable.sh,available,39.99,47.99,high,low,9,namesilo,,,
582c014c-57d2-44a8-ae33-503435f97c98,ended.sh,available,34.98,76.98,high,low,5,namecheap,,,
a9120ba9-c3ce-45f1-a01c-fa76b98643a4,barred.sh,available,34.98,76.98,medium,low,6,namecheap,,,08/08/2026 20:37
014aeda5-19fb-4e07-b56f-c77aee801b91,specially.sh,available,59.99,,high,low,9,name.com,,,
1f4133e5-0232-4b61-8626-5e960c705b0e,barbed.sh,available,34.98,76.98,medium,low,6,namecheap,,,08/08/2026 16:36
837b092e-5a4b-4254-96dd-27cd17ec773d,achromatic.sh,available,34.98,76.98,medium,low,10,namecheap,,,
545d668e-0ca1-470d-862d-12d0bdba9a67,albescent.sh,available,34.98,76.98,medium,low,9,namecheap,,,
cf0213d7-f93e-42ae-ba6c-7cd13e03be4d,outlet.sh,available,,,high,low,6,,,,
5f8917fc-7e9c-4df0-b968-55e41af5aed7,arabian.sh,available,34.98,76.98,high,low,7,namecheap,,,06/08/2026 11:05
5751e8c3-9454-4077-9169-3f91c65d5488,alkalizer.sh,available,34.98,76.98,medium,low,9,namecheap,,,
9fc8f2b8-549c-46fc-b2bc-16b542c90d31,agamic.sh,available,34.98,76.98,medium,low,6,namecheap,,,
dbdc2f9e-d2fd-4d42-92dd-e68a90b6e44a,fatuous.sh,available,34.98,76.98,low,low,7,namecheap,,,07/08/2026 02:39
6dbf957e-6573-40f5-8051-3a6717d0e093,either.sh,available,59.99,,medium,low,6,name.com,,,
e3bbf980-ff00-41b3-980e-697bca0154a7,altogether.sh,available,34.98,76.98,high,low,10,namecheap,,,
7b37bc1f-9acd-4d8e-9272-66a8f1349b43,neighbor.sh,available,39.99,47.99,high,low,8,namesilo,,,
0bf9a531-0cbe-4ada-a6ad-5a739f0e5b1a,affecting.sh,available,34.98,76.98,high,low,9,namecheap,,,
6f22ab2d-c92c-482f-9537-d9078c5aa5ae,briefs.sh,available,39.99,47.99,high,low,6,namesilo,,,
b992727c-c06e-438e-b65f-052e2a232b47,melancholy.sh,available,39.99,47.99,high,low,10,namesilo,,,
1c8b2abc-226b-4788-ba5d-9bd4a3e8f5a4,cognisant.sh,available,34.98,76.98,medium,low,9,namecheap,,,08/08/2026 00:18
c6211d81-10ac-4d7f-880a-63d3a3a0540f,anorectal.sh,available,34.98,76.98,medium,low,9,namecheap,,,
6204e158-5e49-4752-b753-d6ba1fe49c38,elsewhere.sh,available,59.99,,high,low,9,name.com,,,
c91ad1a1-8da2-4c2b-a81d-bfcff6e01195,anodal.sh,available,34.98,76.98,medium,low,6,namecheap,,,
3ef5215d-a7c2-45e3-b3f9-72224468aaba,corruption.sh,available,39.99,47.99,high,low,10,namesilo,,,
21343ac9-6181-4a13-975c-9a3b4c22e33d,anabolic.sh,available,34.98,76.98,high,low,8,namecheap,,,
485af3db-c3a2-4751-938b-20e46bc1d100,been.sh,available,39.99,47.99,medium,low,4,namesilo,,,
595e6562-3711-41f9-9048-82dff2fd69b0,oslo.sh,available,39.99,47.99,high,low,4,namesilo,,,
2077e2ae-9766-4a58-ba0a-6b53bbb88439,antipodal.sh,available,34.98,76.98,medium,low,9,namecheap,,,
dd9efa58-5c39-442d-8915-dabc553f0165,accursed.sh,available,34.98,76.98,medium,low,8,namecheap,,,
afcd09de-ae01-40e1-8b9d-4f1376962d8c,feeling.sh,available,39.99,47.99,high,low,7,namesilo,,,
6e683955-0183-42ed-9fbd-a75777e97526,affiliation.sh,available,39.99,47.99,high,low,11,namesilo,,,
b367a7c0-58dd-4b2c-9067-a58897146c2e,apathetic.sh,available,34.98,76.98,medium,low,9,namecheap,,,05/08/2026 22:04
058fea8d-83f7-41bf-8755-e73b5bc16bfd,obviously.sh,available,39.99,47.99,high,low,9,namesilo,,,
0b062709-6b94-4a90-b048-685bebdcf65f,potential.sh,available,39.99,47.99,high,low,9,namesilo,,,
5e8820ec-0619-480d-b534-63af4569f7e9,slam.sh,available,39.99,47.99,high,low,4,namesilo,,,
7298dd63-0c34-4e41-98c2-13361f201680,pussy.sh,available,,,medium,low,5,,,,
be1f7ebf-07ba-4650-80aa-864577f569f3,embracing.sh,available,39.99,47.99,high,low,9,namesilo,,,
f5fee8c4-da4b-437f-b38c-c2fbd13594e1,modish.sh,available,34.98,76.98,high,low,6,namecheap,,,
1b6f05d4-3f28-4594-b895-735b0e692ea8,carousing.sh,available,34.98,76.98,medium,low,9,namecheap,,,08/08/2026 04:24
d080190d-ac09-4bac-a760-92500ac41cfc,cinderella.sh,available,39.99,47.99,high,low,10,namesilo,,,
e694c2b6-b22f-44e4-aa52-43a0926fb4b4,occurring.sh,available,39.99,47.99,high,low,9,namesilo,,,
54d15d50-2711-40b1-a3b7-d381409eace7,informally.sh,available,39.99,47.99,medium,low,10,namesilo,,,
7d9cf1c2-9079-44fa-9254-1da556a752dd,storyteller.sh,available,59.99,,high,low,11,name.com,,,
09e7937e-f75a-465c-9092-bc90ddffad63,dignitary.sh,available,39.99,47.99,high,low,9,namesilo,,,
c2f05c15-0818-40a0-bfe1-037c0a8d0d68,birth.sh,available,39.99,47.99,high,low,5,namesilo,,,
59e006d0-0aab-49f6-9551-9f57d11eae2c,annually.sh,available,39.99,47.99,high,low,8,namesilo,,,
9ce84244-d6aa-43ee-ba29-1f12ae69cfc0,garage.sh,resell,,,high,low,6,"NameCheap, Inc.",28/12/2021 16:30,28/12/2026 16:30,
40695884-ab33-4c6e-9fe3-4d6c802b2e7b,balky.sh,available,34.98,76.98,medium,low,5,namecheap,,,08/08/2026 09:55
81469ade-0baa-418c-9ea7-ad5831ef05c7,lindsay.sh,available,39.99,47.99,high,low,7,namesilo,,,
ec8cfce5-e0d3-4e9e-a32e-49feb0f5f19e,apologetic.sh,available,34.98,76.98,high,low,10,namecheap,,,06/08/2026 02:07
50ffb852-b932-40e0-bcaf-9ffe6a35d7e6,heel.sh,available,39.99,47.99,high,low,4,namesilo,,,
9f17a86f-cc48-4e71-b365-7941a2603d39,allometric.sh,available,34.98,76.98,medium,low,10,namecheap,,,
1eaf4c40-5245-43e4-ab77-8af6a5ed9951,gentle.sh,available,34.98,76.98,high,low,6,namecheap,,,06/08/2026 19:29
1381011d-bb09-41d0-b23d-3e8f9a2197c9,lots.sh,available,39.99,47.99,high,low,4,namesilo,,,
528bc809-ae90-4c90-a351-1d0fe07f47d3,extend.sh,available,,,high,low,6,,,,
a396ac86-cbe8-4175-a0a9-51605c620369,lxxxv.sh,available,34.98,76.98,medium,low,5,namecheap,,,
71736685-0eb6-41be-a699-7f57d787c409,ultimately.sh,available,39.99,47.99,high,low,10,namesilo,,,
d7593a72-41c0-4c72-9fd2-ad9eb933e4bf,delighted.sh,available,34.98,76.98,high,low,9,namecheap,,,09/08/2026 10:01
23e21287-5070-4d0d-a87b-f927a5a87caf,asocial.sh,available,34.98,76.98,medium,low,7,namecheap,,,07/08/2026 04:36
5c750b39-a1d4-46af-b89a-cd0ddd51beb4,pleasure.sh,available,39.99,47.99,high,low,8,namesilo,,,
8d925a38-9a8b-489e-beb2-d007fb6b015e,fanny.sh,available,34.98,76.98,medium,low,5,namecheap,,,09/08/2026 12:00
b8615f58-cd2b-45e8-ae54-8ac32091b274,dining.sh,available,39.99,47.99,high,low,6,namesilo,,,
cf89d9ed-2834-451f-a3b5-a9df014b472d,aegean.sh,available,34.98,76.98,high,low,6,namecheap,,,
3ab6af7b-8197-4a73-a16e-cd447035f4e0,tardy.sh,available,,,low,low,5,,,,
d0b9f36d-3853-46a6-a567-a4a6ed3061db,twoscore.sh,available,34.98,76.98,medium,low,8,namecheap,,,
85673516-6384-46e3-b837-eae8e01cae4e,conditions.sh,available,39.99,47.99,high,low,10,namesilo,,,
9096e699-0d9c-405d-92bf-01c21bb0cad6,backhand.sh,available,34.98,76.98,high,low,8,namecheap,,,08/08/2026 05:43
7c609563-97bd-4794-a61b-49d587df73a6,newspaper.sh,available,39.99,47.99,high,low,9,namesilo,,,
e71ced9b-9307-4bfb-a0c0-61af7054f9fb,spreadsheet.sh,available,39.99,47.99,high,low,11,namesilo,,,
34dbba23-122e-49f1-a27b-43f064661f94,pitching.sh,available,39.99,47.99,high,low,8,namesilo,,,
0965674a-12dd-4e4b-88ff-a1579eebf897,leadership.sh,available,39.99,47.99,high,low,10,namesilo,,,
4b5f69b3-9171-4446-917b-9d0d385b5dc5,invariably.sh,available,39.99,47.99,high,low,10,namesilo,,,
6fbf85f7-e9ba-4966-8716-c78f8e46b1d1,upc.sh,available,39.99,47.99,high,low,3,namesilo,,,
9a9115b1-4466-4724-87e5-2fd0eb27ea24,abstruse.sh,available,34.98,76.98,medium,low,8,namecheap,,,
1dd570ac-2468-4331-85a8-5600028ec671,amnesic.sh,available,34.98,76.98,medium,low,7,namecheap,,,
5db83e98-b316-4c17-97ea-097f4fe835e4,grandson.sh,available,59.99,,high,low,8,name.com,,,
b0341f70-b6b4-40b0-a36f-c2359173ca1b,australia.sh,available,,,high,low,9,,,,
9cc9065f-70bc-445c-bb05-59f9328a55e7,physic.sh,available,34.98,76.98,high,low,6,namecheap,,,05/08/2026 22:25
08138a94-5a6b-49ff-8f61-f58da523932b,decent.sh,available,34.98,76.98,high,low,6,namecheap,,,09/08/2026 06:17
c508df8d-b112-4651-8b34-75cadd1f5c18,adrift.sh,available,34.98,76.98,high,low,6,namecheap,,,
5c85a47f-9282-4708-82aa-f48a5fb57b01,sensing.sh,available,39.99,47.99,high,low,7,namesilo,,,
bab3f994-1a0e-4101-afdc-41220227df9a,nearest.sh,available,39.99,47.99,high,low,7,namesilo,,,
fbde3b47-c5ed-46cc-9a10-f093ab22cd50,torrid.sh,available,34.98,76.98,high,low,6,namecheap,,,06/08/2026 16:35
765669f9-e671-487d-90f0-4a6bf2e68fb9,scarred.sh,available,39.99,47.99,medium,low,7,namesilo,,,
ba0b24f4-9243-4db3-8b9c-5c433f97d890,astylar.sh,available,34.98,76.98,medium,low,7,namecheap,,,07/08/2026 10:15
0ae93f09-27e5-4f3a-9731-7bdaf9d52518,hence.sh,available,,,high,low,5,,,,
8abf064e-b788-48b8-a585-b40a15863fcd,blockade.sh,available,39.99,47.99,high,low,8,namesilo,,,
20d5b609-ac38-4adf-bb52-a64bc663409f,surfaces.sh,available,39.99,47.99,high,low,8,namesilo,,,
ffc7d169-97f3-4382-ae76-fb6e3fba9d9f,spray.sh,available,,,high,low,5,,,,
aba00bd4-7819-4616-aae6-034c2e780db5,fourscore.sh,available,,,high,low,9,,,,
031fd7df-453d-4bce-9e02-07a8080cfa03,ancestor.sh,available,34.98,76.98,high,low,8,namecheap,,,
52ca9ae7-66e2-4b05-94eb-3a0d92a62edb,brie.sh,available,59.99,,high,low,4,name.com,,,
88ffea17-70fa-42a1-bef3-5794a2c2db28,theft.sh,available,34.98,76.98,high,low,5,namecheap,,,08/09/2026 07:55
824e74a5-d07b-47ee-8538-d00437aeac35,whereby.sh,available,59.99,,medium,low,7,name.com,,,
a9c92b32-a5e7-4643-8590-8c007d38d339,modesty.sh,available,59.99,,high,low,7,name.com,,,
5ac88a01-32ce-4369-b205-02fba34fe5d6,appointive.sh,available,34.98,76.98,medium,low,10,namecheap,,,06/08/2026 07:16
d9f29da5-1dd2-4acf-abb6-2f66c0c5b8ea,inspirational.sh,available,39.99,47.99,high,low,13,namesilo,,,
efe742a7-bafd-4e6f-8295-9208e6adf122,argentic.sh,available,34.98,76.98,medium,low,8,namecheap,,,06/08/2026 18:06
4d00a2f1-9644-4425-b1b3-a7b18c5d76e8,jacket.sh,available,59.99,,high,low,6,name.com,,,
cfd1b0d7-709e-48fc-9322-e0af5dcc4558,inexpensive.sh,available,39.99,47.99,high,low,11,namesilo,,,
58d05865-04c7-40fe-b3c2-33590dfe03ff,portland.sh,available,39.99,47.99,high,low,8,namesilo,,,
ea769c5d-b689-40b1-94e7-3320efbc03d6,bedewed.sh,available,34.98,76.98,low,low,7,namecheap,,,09/08/2026 06:46
ec56c94d-5bb9-4dc7-9375-d49929c9edf5,whitefish.sh,available,39.99,47.99,high,low,10,namesilo,,,
8d5797fe-3d23-4582-b07c-d925a6046cd6,affected.sh,available,34.98,76.98,high,low,8,namecheap,,,
cb0e046d-5624-41e9-99fc-ca791220a246,characters.sh,available,39.99,47.99,high,low,10,namesilo,,,
2cf50804-2f9d-48bf-b732-5e90fd866cd1,charleston.sh,available,39.99,47.99,high,low,10,namesilo,,,
7de8a8ea-3923-4623-bb95-7350f73430dc,arcadian.sh,available,34.98,76.98,high,low,8,namecheap,,,06/08/2026 14:10
2053c82b-f127-4e24-9d55-5e8678d1c61c,nitric.sh,available,34.98,76.98,medium,low,6,namecheap,,,08/08/2026 02:58
4b897ca9-bfda-4a0f-b207-eb6432903fe5,departed.sh,available,34.98,76.98,medium,low,8,namecheap,,,07/08/2026 11:31
490275ef-64e4-4ac1-9e5e-efeefe0ca5b0,amylaceous.sh,available,34.98,76.98,medium,low,10,namecheap,,,
c23f0165-6544-4cab-8c9c-e703932c69ba,transparent.sh,available,59.99,,high,low,11,name.com,,,
84359b87-74f2-4d50-8bea-08c3e031f6b7,appearance.sh,available,34.98,76.98,high,low,10,namecheap,,,08/09/2026 12:55
93ae3c38-9393-4598-9ec2-aa0c26277151,exalt.sh,available,,,high,low,5,,,,
80d2ebeb-8c95-483d-aa31-0c8774e0e35a,under.sh,available,39.99,47.99,high,low,5,namesilo,,,
5a01ebc5-bffe-4552-8507-9b39997b75d8,depend.sh,available,,,high,low,6,,,,
cbd371bd-2e91-4643-94a2-8bcc04c0cf7b,organs.sh,available,39.99,47.99,high,low,6,namesilo,,,
a3662453-cc90-40f0-adfe-9f67b1b82537,banging.sh,available,34.98,76.98,high,low,7,namecheap,,,08/08/2026 13:03
70cb7b3f-ca29-4c76-8fb1-5d7b542c9e0a,xlvii.sh,available,34.98,76.98,medium,low,5,namecheap,,,
8ffa5310-7d4d-4cc5-945c-e16c2d7d489f,bruise.sh,available,39.99,47.99,high,low,6,namesilo,,,
af42c6ee-20c9-4381-b2ba-6b74e90d50fe,adductive.sh,available,34.98,76.98,medium,low,9,namecheap,,,
b23dbb5c-1ca2-4c4c-a3d7-da73efc8cb18,therefore.sh,available,,,high,low,9,,,,
b4c5ebc6-73cf-4b69-9844-44ac4adffb22,surprisingly.sh,available,39.99,47.99,high,low,12,namesilo,,,
9b3c151a-e1b4-48bd-9c96-d828aeaec60f,getting.sh,available,39.99,47.99,high,low,7,namesilo,,,
e37000c6-86cb-4702-8057-bc424e637dbe,aflame.sh,available,34.98,76.98,high,low,6,namecheap,,,
7a038ae8-25ce-42e2-b00d-1d19fb4df470,stopped.sh,available,39.99,47.99,high,low,7,namesilo,,,
52a17aa7-b802-4dc6-955f-9f79d1bdcef1,facilitate.sh,available,39.99,47.99,high,low,10,namesilo,,,
2241f1f7-16e6-4afc-adf9-62e2a44874c8,deviant.sh,available,34.98,76.98,high,low,7,namecheap,,,
608a193b-3237-43af-8280-c864d5a509bd,orbicular.sh,available,34.98,76.98,medium,low,9,namecheap,,,08/08/2026 10:11
fb2bd7d1-6818-4966-945a-61d1de24b2b5,argive.sh,available,34.98,76.98,medium,low,6,namecheap,,,06/08/2026 18:27
7535155d-e6b8-41f3-8fc2-d373f56f079e,bbc.sh,available,,,high,low,3,,,,
b34821b4-d3ce-40e9-8e7b-a2f945637c79,parenting.sh,available,39.99,47.99,high,low,9,namesilo,,,
c77ebfea-66a1-4c3b-a837-571f5bf917ae,equivocal.sh,available,34.98,76.98,high,low,9,namecheap,,,
f8c3d53b-a8e0-4955-85cf-3176a2612310,onion.sh,resell,,,high,low,5,"NameCheap, Inc.",24/06/2017 13:14,24/06/2026 13:14,
011d7c17-c693-4b91-a904-eda9acdca03a,diplomat.sh,available,39.99,47.99,high,low,8,namesilo,,,
72e0693b-291d-434f-8c2a-d135cebe082a,arduous.sh,available,34.98,76.98,high,low,7,namecheap,,,06/08/2026 16:40
7b729e80-1dd1-420d-b4f9-96bbe29edf81,sincerely.sh,available,39.99,47.99,high,low,9,namesilo,,,
11c1045f-c7b7-4c37-9db0-7e30fe30cda9,latter.sh,available,39.99,47.99,high,low,6,namesilo,,,
1d3dd0b9-b1e1-4478-ba56-467f4722d4a4,xlviii.sh,available,34.98,76.98,medium,low,6,namecheap,,,
d0952e56-0d65-47b7-8c6e-cf5b4b2acce8,abloom.sh,available,34.98,76.98,medium,low,6,namecheap,,,
49b106d5-d206-4665-a13c-f3e9e903162e,liquor.sh,available,59.99,,high,low,6,name.com,,,
88eb3e83-984a-4a3c-9963-ac5676824910,church.sh,available,39.99,47.99,high,low,6,namesilo,,,
1f0d562a-9cf0-4dad-a5dc-508c569e44af,quarters.sh,available,39.99,47.99,high,low,8,namesilo,,,
c960240a-52e1-4d2b-9b37-67561d002766,intricate.sh,available,39.99,47.99,high,low,9,namesilo,,,
ba1322b3-5909-43f9-ad10-af97d366f9df,eating.sh,available,34.98,76.98,high,low,6,namecheap,,,08/09/2026 13:35
f737ed3c-f7ae-4c1e-98f9-db4cb91aec56,analogical.sh,available,34.98,76.98,medium,low,10,namecheap,,,
3337fc1f-8af3-4625-a845-1061d9a16afd,sliding.sh,available,39.99,47.99,high,low,7,namesilo,,,
50d26ba1-a161-4941-8ec6-a3ff81ed01c6,perfectly.sh,available,39.99,47.99,high,low,9,namesilo,,,
6d33dc37-649c-4383-9a6c-21dbabf69586,allylic.sh,available,34.98,76.98,medium,low,7,namecheap,,,
b0160938-37f3-484d-93c7-7aa718594a9e,applicable.sh,available,34.98,76.98,high,low,10,namecheap,,,06/08/2026 07:06
9367d572-eba8-47dd-9e6a-c3bdfecbd3b9,basilar.sh,available,34.98,76.98,medium,low,7,namecheap,,,08/08/2026 22:16
2a032cd9-0a74-4c2b-926f-a92782960a02,glinting.sh,available,34.98,76.98,high,low,8,namecheap,,,
7ba90dee-4c75-4a47-b005-629024905892,bonkers.sh,available,34.98,76.98,medium,low,7,namecheap,,,06/08/2026 20:40
173bf5d8-5132-4840-aed2-5cc1f28008bd,dslr.sh,available,39.99,47.99,high,low,4,namesilo,,,
7665c723-db12-42c3-83d8-fd8147db007e,overhead.sh,available,39.99,47.99,high,low,8,namesilo,,,
d4b4ee9b-64dc-4819-a614-fecec2904fe4,disrespect.sh,available,39.99,47.99,high,low,10,namesilo,,,
8f6886a4-431c-4caf-bccc-87c5cc2eb6b0,midget.sh,available,34.98,76.98,high,low,6,namecheap,,,08/08/2026 14:19
a3b38655-86ec-4afe-905b-91dd65ec3e97,deepest.sh,available,59.99,,medium,low,7,name.com,,,
3eef0bf4-6943-4347-8608-6aded1db7941,toddler.sh,available,39.99,47.99,high,low,7,namesilo,,,
394b2506-303d-4cbc-9902-e4ea047b2ee3,bunch.sh,available,59.99,,high,low,5,name.com,,,
1b540502-5d5f-4467-8de0-658f479fa959,diminishing.sh,available,59.99,,high,low,11,name.com,,,
40bf2ece-9aed-4cb3-9aad-7f2b107b39be,cancer.sh,available,39.99,47.99,high,low,6,namesilo,,,
038dd329-6900-4bd7-9da8-470175c7ac61,beauteous.sh,available,34.98,76.98,medium,low,9,namecheap,,,09/08/2026 05:58
b854502e-ec79-419a-9c63-9e8b559b724f,disc.sh,available,,,high,low,4,,,,
a46b181d-a54b-42a2-afd5-5bb6a8e550b7,known.sh,available,39.99,47.99,high,low,5,namesilo,,,
5272ee07-e800-4816-ae88-31e2ee1dcdb4,eyrie.sh,available,,,high,low,5,,,,
94a5f467-c9fa-4afe-a297-fcddf93119a7,carpet.sh,available,39.99,47.99,high,low,6,namesilo,,,
f6ec9267-ce93-42c3-bea8-ab290e6cbca2,smelling.sh,available,39.99,47.99,high,low,8,namesilo,,,
f13e8d5d-3c87-4ed3-b146-4c503b44d2ce,latest.sh,available,,,high,low,6,,,,
7855902c-2c77-41df-a337-c988575a1501,dishonour.sh,available,39.99,47.99,medium,low,9,namesilo,,,
00bb170e-5811-45ad-87ce-81605835e2a7,thrown.sh,available,39.99,47.99,medium,low,6,namesilo,,,
faa8c365-5082-465b-90bc-84b9a0dc5600,laborer.sh,available,39.99,47.99,high,low,7,namesilo,,,
ce80b12b-f23a-40c4-8f0f-df95ee76dce3,scheduled.sh,available,59.99,,high,low,9,name.com,,,
388634bc-bf25-4358-97c0-743f0eaf07aa,enthralled.sh,available,34.98,76.98,medium,low,10,namecheap,,,09/08/2026 10:06
7665f59a-ac26-4aeb-8101-5a42292a23bd,burly.sh,available,34.98,76.98,medium,low,5,namecheap,,,09/08/2026 07:54
ca59056f-671f-4dcc-a38f-c7eb0255e8db,amebous.sh,available,34.98,76.98,medium,low,7,namecheap,,,
39c2f6a2-52c1-415d-bf99-bcb0dfb57b0f,bagdad.sh,available,39.99,47.99,medium,low,6,namesilo,,,
e16fb120-3da6-4b10-a5d7-fe10cfd40227,antebellum.sh,available,34.98,76.98,medium,low,10,namecheap,,,
20fb6b9b-bb3a-4fb0-a2d0-7bb9319b5ece,derriere.sh,available,34.98,76.98,low,low,8,namecheap,,,09/08/2026 11:55
c0474b52-8d50-46a1-bfa1-7176dc63b440,amended.sh,available,34.98,76.98,high,low,7,namecheap,,,
95f3d154-824b-4706-a947-09fb710d46e3,diminished.sh,available,34.98,76.98,medium,low,10,namecheap,,,07/08/2026 15:00
0aa82bc3-d91e-4b7f-a82b-e215d2e33fee,principled.sh,available,39.99,47.99,high,low,10,namesilo,,,
5a24dc48-2ab2-4346-a5b4-0d7ec1d20909,poignant.sh,available,34.98,76.98,high,low,8,namecheap,,,
ea6c666b-c50b-451e-a454-2ddab5317e48,mostly.sh,available,39.99,47.99,high,low,6,namesilo,,,
7464f660-a82b-42b2-b0ea-d47b50c62371,forehead.sh,available,39.99,47.99,high,low,8,namesilo,,,
6533212a-28fe-449f-b5ab-cc18a190e827,accuser.sh,available,39.99,47.99,high,low,7,namesilo,,,
cb21417a-d327-45ab-a587-6cb0cedc3a13,bringing.sh,available,59.99,,high,low,8,name.com,,,
162f4b56-1691-4f68-9c26-3c4fcf37cd51,stately.sh,available,34.98,76.98,high,low,7,namecheap,,,08/08/2026 20:22
09e9f3e1-edbf-4ad5-92ce-8843fa4083b0,nephew.sh,available,39.99,47.99,high,low,6,namesilo,,,
baf4b5f9-92c1-4861-a2e9-b6935a8bb6dd,unnatural.sh,available,34.98,76.98,high,low,9,namecheap,,,
77b32ad1-002f-4f1e-b1c0-504c65f0a547,apical.sh,available,34.98,76.98,high,low,6,namecheap,,,05/08/2026 23:58
c84eebfa-b20a-4aba-87e9-8ec3edb60701,souls.sh,available,,,high,low,5,,,,
4b9ce9d2-01bc-48fb-94a8-667d23ccb087,theirs.sh,available,59.99,,medium,low,6,name.com,,,
1f54ae75-832d-4933-a37a-1798e71ee23d,allowable.sh,available,34.98,76.98,high,low,9,namecheap,,,
74e45f2a-fd19-4cd3-9695-ec5d35a94229,accurst.sh,available,34.98,76.98,medium,low,7,namecheap,,,
e70f84e1-f471-405f-9087-a54a0941e3be,quatern.sh,available,34.98,76.98,medium,low,7,namecheap,,,
67c4faae-9d52-4246-836c-dfa0367b9a4b,newsgroup.sh,available,59.99,,high,low,9,name.com,,,
b7ebc975-eff9-44f8-8ccf-ff8593c4a6c3,arse.sh,available,34.98,76.98,medium,low,4,namecheap,,,09/08/2026 10:35
def8d418-7092-42bd-a065-6e462e76234d,endowment.sh,available,39.99,47.99,high,low,9,namesilo,,,
91ad1458-78a8-49ab-bf6e-71cc61d59d17,redemption.sh,available,39.99,47.99,high,low,10,namesilo,,,
70d92e38-0c53-40d3-a5a8-6568aa44bfa6,abundantly.sh,available,39.99,47.99,high,low,10,namesilo,,,
14c93a2e-6cf9-44eb-93a6-f110577e2682,xlv.sh,available,34.98,76.98,high,low,3,namecheap,,,
a3e35f77-7b97-43d2-824f-c54576dd0304,began.sh,available,39.99,47.99,medium,low,5,namesilo,,,
d2bfa8f1-0e48-4b8a-b47c-35ef25196748,exclamation.sh,available,59.99,,high,low,11,name.com,,,
4f8ff440-9d43-4ecf-ab82-9285639dc583,inundated.sh,available,34.98,76.98,medium,low,9,namecheap,,,08/08/2026 00:29
0aeb2849-65a7-4e09-991c-58ca8372b8fb,child.sh,available,39.99,47.99,high,low,5,namesilo,,,
cad415bb-1241-4ee5-b4b7-cbc8b7cf879e,entranced.sh,available,34.98,76.98,medium,low,9,namecheap,,,09/08/2026 10:11
765d7976-7913-4315-9584-2d92930328bd,protective.sh,available,39.99,47.99,high,low,10,namesilo,,,
9c422539-29d5-44a3-bf2e-abd20d18709b,vary.sh,available,39.99,47.99,high,low,4,namesilo,,,
213d472d-58cf-4507-a30f-610b15c94c43,cxxv.sh,available,34.98,76.98,medium,low,4,namecheap,,,
bb12768b-e321-480b-a426-2b45c2109e5a,septenary.sh,available,34.98,76.98,medium,low,9,namecheap,,,
32f870e0-908a-4be2-a24f-284038a636e8,berlin.sh,available,59.99,,high,low,6,name.com,,,
d1df4eea-fdbc-4bb0-a518-fb5268678819,characteristic.sh,available,59.99,,high,low,14,name.com,,,
cc7b4b42-d148-4076-b06b-0e2a6e491979,holder.sh,available,39.99,47.99,high,low,6,namesilo,,,
3c196e54-1c76-4921-9ca4-fa6b6da17034,measles.sh,available,59.99,,high,low,7,name.com,,,
0e7aac9b-d51b-4436-ba5a-9566accc9f1e,gently.sh,available,59.99,,high,low,6,name.com,,,
ef8a588a-539e-4510-a90f-b0b889a70547,lastly.sh,available,59.99,,medium,low,6,name.com,,,
25dc2d48-ad51-4342-af88-c4995040be1c,barring.sh,available,39.99,47.99,medium,low,7,namesilo,,,
2d06908c-581c-4c0e-9b14-32093dc76108,westcott.sh,available,39.99,47.99,medium,low,8,namesilo,,,
36904754-530e-429f-8365-13c48039b712,bachelor.sh,available,39.99,47.99,high,low,8,namesilo,,,
49f7b353-83eb-4b00-920b-1f5e12895b8c,towards.sh,available,39.99,47.99,high,low,7,namesilo,,,
0f5443fd-9c42-4855-8b71-d59802a3c37f,halloween.sh,available,39.99,47.99,high,low,9,namesilo,,,
2a8551a4-0b36-4618-a05a-dccc719d3463,shapeless.sh,available,34.98,76.98,medium,low,9,namecheap,,,
b9314559-c537-46e1-bf2a-230f3e46e639,humongous.sh,available,34.98,76.98,medium,low,9,namecheap,,,08/08/2026 12:58
e0ca22fb-3924-4302-abcf-47311ebb6986,pentium.sh,available,,,high,low,7,,,,
7fe6cce6-f1ea-4cf3-a401-2197ecae16fc,trees.sh,available,39.99,47.99,high,low,5,namesilo,,,
fb7af050-59f0-4266-925b-9f02bf58a0ae,eighter.sh,available,34.98,76.98,medium,low,7,namecheap,,,
14169811-49b2-4c3d-a0a7-7f3e9bbaed5b,crowd.sh,resell,,,high,low,5,"NameCheap, Inc.",26/07/2024 06:31,26/07/2027 06:31,20/09/2026 00:04
715b1a95-8d90-4502-ab2a-3d76910dc1cf,antitank.sh,available,34.98,76.98,medium,low,8,namecheap,,,05/08/2026 19:44
61b6aceb-619c-4709-99f7-8f74c2617120,tylenol.sh,available,,,high,low,7,,,,
849aa339-a7ba-499f-af4a-e48947eb3ddf,aliquot.sh,available,34.98,76.98,high,low,7,namecheap,,,
550ad4e4-cdbf-4aaa-9db6-9d849b7f7e13,compensate.sh,available,59.99,,high,low,10,name.com,,,
09ef848d-ef23-455b-9dc5-eba3e8faac99,sony.sh,available,,,high,low,4,,,,
8d32fcf7-1ba9-43e6-bde3-f1af2f527b28,flooring.sh,available,39.99,47.99,high,low,8,namesilo,,,
1e357152-2b50-4cd5-bcae-2632424cf3ad,mouthcare.sh,available,59.99,,medium,low,9,name.com,,,
5915b34d-23e0-4add-b339-c9714537af4e,retarded.sh,available,59.99,,medium,low,8,name.com,,,
cf8276c2-b74d-4018-bde2-818dbda6132d,alabama.sh,available,39.99,47.99,high,low,7,namesilo,,,
29808544-578b-4e6a-96a6-e340ca57c9d1,grownup.sh,available,34.98,76.98,high,low,7,namecheap,,,
717cf80e-1cfc-4174-9e32-f7f48ac94b06,simpler.sh,available,39.99,47.99,high,low,7,namesilo,,,
b224c873-03fc-4c47-93f0-4736b08dfc6a,adenoid.sh,available,34.98,76.98,medium,low,7,namecheap,,,
04036c44-cd75-4dd1-8f82-7fa2063a03c9,prevent.sh,available,59.99,,high,low,7,name.com,,,
cfac5f6a-2aa4-4a20-8836-75ef82cf9111,values.sh,available,39.99,47.99,high,low,6,namesilo,,,
e18e2490-dfae-45f1-8ade-a4602789bf32,undergraduate.sh,available,39.99,47.99,high,low,13,namesilo,,,
c786e3b7-8020-47c8-a5ff-21a032b00eb6,internationally.sh,available,39.99,47.99,medium,low,15,namesilo,,,
94bccbdc-54c6-4bdc-af48-b71854dd7d78,similar.sh,available,,,high,low,7,,,,
c6b5686e-ae0e-4c99-8979-7f396e01e9fb,fifth.sh,available,34.98,76.98,high,low,5,namecheap,,,
98bd3212-6cb7-4cff-b34e-4cb0d4ab9f99,lamppost.sh,available,39.99,47.99,high,low,8,namesilo,,,
ad540be2-6330-48cd-8382-fbcce5d8aadf,laugh.sh,available,39.99,47.99,high,low,5,namesilo,,,
d92c6619-29a9-47da-984a-e17ade32eb93,section.sh,available,,,high,low,7,,,,
efba22cd-d60f-4d0e-815b-e5ec89dcb0d3,sparkly.sh,available,,,high,low,7,,,,
0300e310-2a7b-427b-8628-80a2b40a51c2,mexican.sh,available,39.99,47.99,high,low,7,namesilo,,,
63b58cf0-10b4-42e7-b96c-0146afac1a58,preference.sh,available,39.99,47.99,high,low,10,namesilo,,,
bf03371b-287c-4ef2-a2c9-0c76407829c8,lxi.sh,available,34.98,76.98,medium,low,3,namecheap,,,
f3515054-5b50-4dce-ae58-875577d10014,wrote.sh,available,39.99,47.99,high,low,5,namesilo,,,
d2344ec2-6963-4bd7-8a0d-2165feaa46e0,alienate.sh,available,34.98,76.98,high,low,8,namecheap,,,
79ce8a5b-358a-4aec-a609-c968ca4711ba,chairperson.sh,available,39.99,47.99,high,low,11,namesilo,,,
e8a2cc36-89f7-4c14-8354-5a5c10cebba3,acropetal.sh,available,34.98,76.98,medium,low,9,namecheap,,,
153116ff-fd6d-4d46-8078-91326f2cdab9,temperature.sh,available,39.99,47.99,high,low,11,namesilo,,,
6c4e8343-bbe2-4268-90fa-e013272cd0d8,tyrannical.sh,available,34.98,76.98,medium,low,10,namecheap,,,07/08/2026 19:12
3ffce6fa-a7b2-4410-8421-2aff3aaacf95,doubter.sh,available,34.98,76.98,medium,low,7,namecheap,,,
1c176c34-c2c2-4d8d-9346-18e71e1adbb2,xxxviii.sh,available,34.98,76.98,medium,low,7,namecheap,,,
ad736d0b-04a0-4601-8357-ffcc2f81ac61,adoptive.sh,available,34.98,76.98,high,low,8,namecheap,,,
01fbfbc4-539f-4485-bf9b-63b192809f3f,scientifically.sh,available,39.99,47.99,medium,low,14,namesilo,,,
5e6dc797-6313-42a8-bf45-5c051b1a213c,macbook.sh,available,,,high,low,7,,,,
c4ce8199-159c-4f34-9bbf-a62a352c2537,recommend.sh,available,39.99,47.99,high,low,9,namesilo,,,
3feb2adf-501a-410f-a0ab-865d8e6a2f43,puzzled.sh,available,34.98,76.98,high,low,7,namecheap,,,07/08/2026 10:53
1894c5d9-978f-4d7a-a7ed-67eff10d3d01,ventral.sh,available,34.98,76.98,high,low,7,namecheap,,,
96592d36-4517-4277-af16-109df127944e,truffle.sh,available,,,high,low,7,,,,
e89fd453-a325-48b3-bde5-965c9356e5df,suspend.sh,available,39.99,47.99,high,low,7,namesilo,,,
44ce297d-ff7a-43bb-aa35-ffe7726c9810,playstation.sh,available,,,high,low,11,,,,
be73bfd8-ce80-4ee5-88a6-3a916ce420c0,majority.sh,available,39.99,47.99,high,low,8,namesilo,,,
d7405caf-b370-49a7-be7b-c09579d1e15a,emergency.sh,available,39.99,47.99,high,low,9,namesilo,,,
7a152471-37a3-4a6c-9edb-6b57424bff62,indigenous.sh,available,34.98,76.98,high,low,10,namecheap,,,07/08/2026 19:31
fe8b6457-bb6a-44bc-9484-c94a1e69e5d5,spacious.sh,available,59.99,,high,low,8,name.com,,,
43486901-f764-4d4d-a9ab-2c853b80e127,nondrinker.sh,available,34.98,76.98,medium,low,10,namecheap,,,
9981bae8-b6df-4e2a-8cd3-bb3f72a7c2de,jerky.sh,available,34.98,76.98,high,low,5,namecheap,,,06/08/2026 22:03
7ed30106-f70c-4176-b46e-d525d5f8aad7,vengeful.sh,available,59.99,,medium,low,8,name.com,,,
07323a52-9a5b-449a-aafd-79ad920a7cf4,objectively.sh,available,39.99,47.99,high,low,11,namesilo,,,
d6e09def-a23e-4f19-8363-f6fba583a3b6,normality.sh,available,39.99,47.99,high,low,9,namesilo,,,
e3e6eb11-bbb1-40ca-8e65-97859355ecbd,grandmother.sh,available,39.99,47.99,high,low,11,namesilo,,,
e12dd682-55a8-4f0d-8c3a-9ff2e925d282,awed.sh,available,34.98,76.98,high,low,4,namecheap,,,08/08/2026 00:44
c0178b2b-0d7c-4af7-937f-ec6849cb69df,suv.sh,available,39.99,47.99,high,low,3,namesilo,,,
ca95c0b1-2da3-4676-88fc-e82f0fe36722,aperiodic.sh,available,34.98,76.98,medium,low,9,namecheap,,,05/08/2026 22:30
20fd55ff-9a9c-43ea-8e8d-34452cda20d3,thorny.sh,available,34.98,76.98,medium,low,6,namecheap,,,08/08/2026 17:55
95a8be0e-a07d-48af-9d43-e4ba38389f74,lovesome.sh,available,34.98,76.98,high,low,8,namecheap,,,
4ba72ca4-cdcf-473d-98af-e0005f5a674c,hanger.sh,available,59.99,,high,low,6,name.com,,,
28c2bc58-31a1-4980-b82c-855a83181b4d,maths.sh,available,59.99,,high,low,5,name.com,,,
8ad1b310-292e-4f98-ab9c-72e6e33197c1,bitter.sh,available,,,high,low,6,,,,
981aa8aa-0c79-4399-a4c7-053e03e4e6a3,complain.sh,available,39.99,47.99,high,low,8,namesilo,,,
02d64869-2c1d-4f4f-9228-057a60cf366c,glancing.sh,available,39.99,47.99,high,low,8,namesilo,,,
f394d80c-e87f-43bc-909d-99090bfbd6a9,kicking.sh,available,39.99,47.99,high,low,7,namesilo,,,
52e09ce9-96ce-4325-9289-3a68e587579f,airlike.sh,available,34.98,76.98,high,low,7,namecheap,,,
a8b10a07-b093-45ff-9aa8-64e605a0cd63,allergy.sh,available,39.99,47.99,high,low,7,namesilo,,,
ee725495-dd5c-4c39-9327-a350e5a0c017,urge.sh,available,59.99,,high,low,4,name.com,,,
4d48a69d-ebce-4f66-ac7f-bdace012149f,hundredth.sh,available,34.98,76.98,high,low,9,namecheap,,,
60339562-fdbc-4e5e-a614-12641ed21345,autologous.sh,available,34.98,76.98,medium,low,10,namecheap,,,07/08/2026 20:37
aa547846-fd0a-40f0-b330-7d3e30e189fa,invalid.sh,available,,,high,low,7,,,,
07825991-b06f-4fba-96b2-493a32c94c1d,flak.sh,available,34.98,76.98,medium,low,4,namecheap,,,
0ff9462a-b172-4e24-a83e-467a738b7c94,guarantee.sh,available,59.99,,high,low,9,name.com,,,
d4abc2f9-f6c7-49e0-b431-1a18806eae8b,incline.sh,available,59.99,,high,low,7,name.com,,,
b6a07822-bc72-4d32-9361-b384584954bf,perforation.sh,available,59.99,,high,low,11,name.com,,,
e6a03da6-18ee-44d9-971e-3a15ba72e226,contend.sh,available,39.99,47.99,high,low,7,namesilo,,,
7ad697bf-959f-4981-997f-12ef446ca96f,overall.sh,available,39.99,47.99,high,low,7,namesilo,,,
11b9f8e3-215e-4d43-87b0-1bc3d338261e,avid.sh,available,,,high,low,4,,,,
3a2d457b-b43a-4dda-b860-02a024902bb7,mental.sh,available,39.99,47.99,high,low,6,namesilo,,,
dd535653-13d9-4718-9044-6a8133378484,anachronic.sh,available,34.98,76.98,medium,low,10,namecheap,,,
86350ade-16aa-43c8-9ab1-01ec4ab34a87,flaring.sh,available,34.98,76.98,high,low,7,namecheap,,,
d0cc4cef-ab40-4cab-b3e9-2119b415b480,sextet.sh,available,34.98,76.98,high,low,6,namecheap,,,
bf3d2a46-922a-4fe7-bcf5-2d66fe224759,separation.sh,available,39.99,47.99,high,low,10,namesilo,,,
84bacf70-3987-4727-923f-e3c043ad7e35,meaningful.sh,available,39.99,47.99,high,low,10,namesilo,,,
3ee57ab4-b799-4084-a025-3138124ff8d0,prototypal.sh,available,34.98,76.98,medium,low,10,namecheap,,,06/08/2026 15:37
c311177d-30a0-4512-a0e0-393fa761d44b,borrow.sh,available,59.99,,high,low,6,name.com,,,
725ac176-1aa0-4505-980d-0c454561f1d5,antiquary.sh,available,34.98,76.98,high,low,9,namecheap,,,
85785898-c6b3-4215-8ce8-d263e2b1f169,coalesced.sh,available,34.98,76.98,medium,low,9,namecheap,,,
6583afdd-5575-44de-9f80-9484d9dcf22d,covering.sh,available,39.99,47.99,high,low,8,namesilo,,,
128490f4-bbd2-4721-ba62-c39ca49416e5,worthwhile.sh,available,39.99,47.99,high,low,10,namesilo,,,
2d8a2ef4-7eec-4ebd-9b44-7b8fb6fd9650,apogean.sh,available,34.98,76.98,medium,low,7,namecheap,,,06/08/2026 01:57
f425531e-c259-4c02-a5c3-209513fd7dae,returning.sh,available,59.99,,high,low,9,name.com,,,
59aa9321-47bc-45fa-b091-56aa6ae48e3d,adventive.sh,available,34.98,76.98,medium,low,9,namecheap,,,
a23dd47c-65b6-4290-b25b-367926bfbae3,adopted.sh,available,34.98,76.98,high,low,7,namecheap,,,
b83e1329-8437-48f8-9c82-c4165224ea84,holes.sh,available,39.99,47.99,high,low,5,namesilo,,,
141f1b27-9042-42de-943c-f34fa0860a7f,piper.sh,available,,,high,low,5,,,,
117361b6-cda6-4b90-8f6b-0ef2360a39f0,lights.sh,available,39.99,47.99,high,low,6,namesilo,,,
69d6058f-f45e-4bb1-b5aa-f181ea57f31d,notify.sh,resell,,,high,low,6,"humbly, LLC",17/04/2017 00:30,17/04/2027 00:30,
e44bb468-2e7a-4ddf-b37e-7e9274af6562,journey.sh,resell,,,high,low,7,Porkbun LLC,09/08/2022 23:04,09/08/2027 23:04,20/09/2026 16:43
0bedcc67-f9ec-46eb-84cb-a3d7258cb3ea,hahaha.sh,available,59.99,,high,low,6,name.com,,,
bdc4505c-a07e-40ee-bd6f-25c23c81b9cc,barbate.sh,available,34.98,76.98,medium,low,7,namecheap,,,08/08/2026 16:10
32ad9d82-2ef2-465b-8860-75fc75ab5e0e,mazed.sh,available,34.98,76.98,medium,low,5,namecheap,,,07/08/2026 12:07
a25c86e0-0747-44e7-a4bc-0c377dbf179e,along.sh,available,,,high,low,5,,,,
d54cc666-b83a-4900-9666-ae535ab6cae0,rhiannon.sh,available,39.99,47.99,high,low,8,namesilo,,,
6e7fbe20-1aad-4f91-8669-08a6a20ac457,retreat.sh,available,59.99,,high,low,7,name.com,,,
f485f7c8-5025-4c62-b64f-27e858ac51f5,organised.sh,available,39.99,47.99,high,low,9,namesilo,,,
a850defd-fbb1-43ba-a165-cb0e970cd726,retiring.sh,available,59.99,,high,low,8,name.com,,,
e9953ae1-2093-471e-b478-aafa45228139,altaic.sh,available,34.98,76.98,medium,low,6,namecheap,,,
feceeee0-385c-433a-a9bb-983563a3b22a,sixth.sh,available,34.98,76.98,high,low,5,namecheap,,,
7d7aefd3-3628-4fb8-bfe8-c69acec107f3,adulterous.sh,available,34.98,76.98,medium,low,10,namecheap,,,
0023ae8d-f5d0-484b-9633-9ca747e44e06,evrything.sh,available,39.99,47.99,medium,low,9,namesilo,,,
0247f11c-7573-476e-ba19-ef071258ae04,xli.sh,available,34.98,76.98,high,low,3,namecheap,,,
6aff1b41-56f1-4d8f-8380-364e2db1ae70,lorry.sh,available,39.99,47.99,high,low,5,namesilo,,,
cdb29320-3834-40f8-9ed9-5dd3d7b56c66,thursday.sh,available,59.99,,high,low,8,name.com,,,
4c2ca688-3cf2-46d2-8e4e-25a2fbd24e54,bury.sh,available,39.99,47.99,high,low,4,namesilo,,,
7d93fe10-208b-4bc5-aef5-fad3ffbc05fd,apodictic.sh,available,34.98,76.98,medium,low,9,namecheap,,,06/08/2026 01:27
048db7b2-0187-406b-9f45-a659d93f5e9a,sestet.sh,available,34.98,76.98,medium,low,6,namecheap,,,
0ecdbda7-b02c-40e2-b193-03a43594f8ac,happily.sh,available,39.99,47.99,high,low,7,namesilo,,,
9259a387-9423-4118-98b5-b85578d82966,steak.sh,available,59.99,,high,low,5,name.com,,,
85e9c5b4-4b10-4ab1-b0be-21bf20353882,encounter.sh,available,39.99,47.99,high,low,9,namesilo,,,
90f99439-2bfb-4171-8796-a916bf2262c1,circinate.sh,available,34.98,76.98,high,low,9,namecheap,,,
734914eb-8313-4a88-8ee2-31055086af1e,ideally.sh,available,59.99,,high,low,7,name.com,,,
56b4a2dc-202f-4f3e-a35e-7e28e40a66ac,altissimo.sh,available,34.98,76.98,medium,low,9,namecheap,,,
6a5fcce0-b764-44a0-b6e0-14f924b1d921,suppose.sh,available,39.99,47.99,high,low,7,namesilo,,,
e6c30f20-c5e9-4033-8f05-cf79e895cd4e,abounding.sh,available,34.98,76.98,high,low,9,namecheap,,,
3a1881d9-3c36-4d69-8c23-cd0384e0e48e,unused.sh,available,59.99,,medium,low,6,name.com,,,
e1c4204a-92d9-4c45-991e-dc8e423f4fb1,abeyant.sh,available,34.98,76.98,medium,low,7,namecheap,,,
f8f64cab-a752-4654-8290-98ee5e7e8831,aleatory.sh,available,34.98,76.98,medium,low,8,namecheap,,,
6fdc4c29-2419-4534-a1c6-43fd56227bc0,ancestral.sh,available,34.98,76.98,high,low,9,namecheap,,,
0037dbf8-a15d-4033-9228-12f879a6dc49,matter.sh,resell,,,high,low,6,"Sav.com, LLC",18/11/2024 07:59,18/11/2026 07:59,
7d3808fa-43b2-49f0-91c4-ae74e16108ea,dominance.sh,available,39.99,47.99,high,low,9,namesilo,,,
5f846c92-a5e6-4575-8991-0dd36adfe67e,possibly.sh,available,59.99,,high,low,8,name.com,,,
20e9c659-e82d-4494-b873-b934ec4ec307,cleveland.sh,available,39.99,47.99,high,low,9,namesilo,,,
ac26a57f-ce15-43bb-8be1-899e29e9ebf9,polyester.sh,available,39.99,47.99,high,low,9,namesilo,,,
9a3b11f0-3382-4b50-8423-624fb42482aa,tentative.sh,available,39.99,47.99,high,low,9,namesilo,,,
8d766e52-d800-4ce3-8ad4-2b385624ab0b,contempt.sh,available,39.99,47.99,medium,low,8,namesilo,,,
513bb0c4-4cb2-4daa-9f9c-2af583ee5084,leather.sh,available,39.99,47.99,high,low,7,namesilo,,,
ab22ce99-0175-4369-a802-1ab31e11c54c,guide.sh,resell,,,high,low,5,"NameCheap, Inc.",22/12/2023 04:00,22/12/2026 04:00,
e951bb77-0688-48b7-8f40-923c80eb5d93,passion.sh,available,39.99,47.99,high,low,7,namesilo,,,
10d8a380-3e1b-4b9f-8941-af9ef4516334,substitution.sh,available,59.99,,high,low,12,name.com,,,
f833f6d0-622f-474c-8fee-a1d518230fc0,lunch.sh,available,39.99,47.99,high,low,5,namesilo,,,
79e3dabe-4f1e-4b82-a6fc-385b58f6e41d,dispose.sh,available,39.99,47.99,high,low,7,namesilo,,,
f10e5d5e-60c6-44d6-90e3-487d9913667d,arbitrary.sh,available,34.98,76.98,high,low,9,namecheap,,,06/08/2026 12:54
d63e69f9-6b1a-45d5-b1ba-f3651848c9d7,heedful.sh,available,34.98,76.98,medium,low,7,namecheap,,,
43bb92de-4519-42c0-9299-c46b5c1170d7,adam.sh,available,,,high,low,4,,,,
43be4ff2-51a6-473f-87e2-aa357468c3db,afloat.sh,available,39.99,47.99,high,low,6,namesilo,,,
a0b33e6b-a78a-463e-917c-8172108c2ee2,resolved.sh,available,59.99,,high,low,8,name.com,,,
e2d088d9-8cbb-473c-a823-197746af5d6e,madrid.sh,available,39.99,47.99,high,low,6,namesilo,,,
631bddc8-f537-4003-9f9a-eb056063f938,froze.sh,available,39.99,47.99,low,low,5,namesilo,,,
314027b5-dfc4-4adb-8654-9c2b60feb224,granddaughter.sh,available,39.99,47.99,high,low,13,namesilo,,,
fb881692-6ea6-4e6b-b576-025f43b2101b,slept.sh,available,39.99,47.99,medium,low,5,namesilo,,,
a4f85108-231c-48a2-a497-5b84c79da695,afrikaans.sh,available,34.98,76.98,high,low,9,namecheap,,,
f31dee14-c6f6-4414-8f36-859dbc0c95c9,moderator.sh,available,,,high,low,9,,,,
58002e6e-639f-40ab-94d8-267c688a967c,aloud.sh,available,39.99,47.99,high,low,5,namesilo,,,
ee5fcf76-b407-4c54-b3aa-00b4163c6331,aggregate.sh,available,,,high,low,9,,,,
d2f5eb64-34d7-49b0-a498-460af5776720,performs.sh,available,59.99,,medium,low,8,name.com,,,
5df05c18-d6f5-4560-be2b-02a2562c573d,audile.sh,available,34.98,76.98,medium,low,6,namecheap,,,07/08/2026 16:40
6de2a0b3-5388-4614-8ad9-d172917c094c,nevada.sh,available,39.99,47.99,high,low,6,namesilo,,,
3bf6a4f8-1c65-4a5e-b492-e57a84c195fe,constantly.sh,available,39.99,47.99,high,low,10,namesilo,,,
41d73770-7669-429f-a717-60e13fe08799,agitated.sh,available,34.98,76.98,high,low,8,namecheap,,,
f526fda8-dc5f-4ec3-b5b7-06079b05a9be,happiness.sh,available,39.99,47.99,high,low,9,namesilo,,,
92f39e4a-aa08-4720-aa66-803fb8e3a751,loads.sh,available,59.99,,high,low,5,name.com,,,
47be2a01-d92d-4b48-a698-abc156329c55,befuddled.sh,available,34.98,76.98,medium,low,9,namecheap,,,07/08/2026 11:41
c7068d93-01ee-48fd-8b75-6366731c5b12,antigenic.sh,available,34.98,76.98,medium,low,9,namecheap,,,
c25dbe69-7cfa-432c-a1cd-914a43ebdfd7,lxv.sh,available,34.98,76.98,medium,low,3,namecheap,,,
ab43a7a5-480c-4069-af4c-8d7d57f5e57b,called.sh,available,39.99,47.99,high,low,6,namesilo,,,
2c23fc81-fde9-4544-8dd0-d3b3c23bb082,advert.sh,available,39.99,47.99,high,low,6,namesilo,,,
904b1760-c310-4ffd-8d11-fb0b3c438011,implied.sh,available,39.99,47.99,high,low,7,namesilo,,,
a5608221-79db-40c2-a645-e4b7d04129a6,aeonian.sh,available,34.98,76.98,medium,low,7,namecheap,,,
3ae0de62-04f5-4a4e-8e8c-93e3164216ba,speaker.sh,available,,,high,low,7,,,,
e2d9de50-cfa5-418a-a249-f123d2910f01,apostolic.sh,available,34.98,76.98,medium,low,9,namecheap,,,06/08/2026 04:04
d2c4ce6c-4ce0-4058-b969-efd3a1516c23,act.sh,resell,,,high,low,3,"Name.com, Inc.",20/09/2019 10:06,20/09/2027 10:06,
8bb6dfe6-a662-4c0e-a520-5d14728b7349,negotiable.sh,available,34.98,76.98,high,low,10,namecheap,,,07/08/2026 06:30
6d0761da-4107-4d6d-bf4c-f00e627cff8e,trillionaire.sh,available,59.99,,high,low,12,name.com,,,
488dfe40-df76-4ffc-99ef-a37d219883b1,agelong.sh,available,34.98,76.98,medium,low,7,namecheap,,,
2af7cf35-4711-45d7-85ee-7d1c0b6441ba,giddy.sh,available,34.98,76.98,medium,low,5,namecheap,,,
494982a3-46ed-41f1-8c7c-d889e7035c65,hexad.sh,available,34.98,76.98,medium,low,5,namecheap,,,
f1336bd8-0532-4163-8af9-c2576fbc7ea6,aberdonian.sh,available,34.98,76.98,medium,low,10,namecheap,,,
7af502a0-684f-4ec3-b2ff-828bb7e8e34f,dearest.sh,available,34.98,76.98,high,low,7,namecheap,,,09/08/2026 13:50
0fe80a54-8a68-4274-9aa0-fdc60dfe731c,impact.sh,available,,,high,low,6,,,,
581810ee-d476-4a47-b9cf-4d7dac9198d3,incompatible.sh,available,39.99,47.99,high,low,12,namesilo,,,
2bb8acf2-6497-4533-a8f7-b5407be49278,axonal.sh,available,34.98,76.98,medium,low,6,namecheap,,,08/08/2026 02:01
d8c049a4-3373-4cd3-ae72-5c29ff00b785,definition.sh,available,39.99,47.99,high,low,10,namesilo,,,
f1790f40-4105-4ad5-8302-1ecd647f0c8c,praise.sh,available,59.99,,high,low,6,name.com,,,
6b6083ea-ff85-414a-8992-5ce0db09611e,rather.sh,available,59.99,,high,low,6,name.com,,,
fa5b4ee3-26ab-4227-aea2-a0872920f0df,consumption.sh,available,39.99,47.99,high,low,11,namesilo,,,
6526504c-dcf6-4432-a50c-1b787b1bb8fb,recommendation.sh,available,59.99,,high,low,14,name.com,,,
c46e831a-86db-408a-9f47-515b6f3b6a6a,involve.sh,available,39.99,47.99,high,low,7,namesilo,,,
45ab705b-4af6-48aa-8491-b2727f8e8456,hater.sh,available,39.99,47.99,medium,low,5,namesilo,,,
59cb8906-2589-4570-83c3-7e083acdf408,stormy.sh,available,39.99,47.99,high,low,6,namesilo,,,
f9cd82f2-fccd-4403-b3f2-87aa6b68289a,sanctioned.sh,available,34.98,76.98,high,low,10,namecheap,,,06/08/2026 09:24
6f5020df-1794-472e-9d78-661901895e84,adios.sh,available,39.99,47.99,high,low,5,namesilo,,,
6ac93676-6b0f-4321-b003-277f072687f6,simply.sh,available,,,high,low,6,,,,
acca0450-dd7d-46d9-bf58-822f7dd77e55,used.sh,available,,,high,low,4,,,,
0fd795b0-3de0-4c4f-afe9-db3986d1c942,sheraton.sh,available,,,high,low,8,,,,